fecha,entidad,participacion_creditos,crecimiento_creditos,utilidad_acumulada,palanca_global,hhi_mercado,c4_mercado,tamn_sistema,tipmn_sistema,spread_sistema
2016-01-01,Azteca,0.183148241291024,-3.8310787765635,0.916145149999946,4.3956043956044,2043.4122796756683,82.96078535076981,16.2358,2.4981,13.7377
2016-01-01,BanBif,3.61686614006441,0.665492615511809,9.10037517000004,8.06451612903226,2043.4122796756683,82.96078535076981,16.2358,2.4981,13.7377
2016-01-01,Citibank,1.04646121916091,4.24155374102158,11.9955342800011,5.8173356602676,2043.4122796756683,82.96078535076981,16.2358,2.4981,13.7377
2016-01-01,Comercio,0.513700166043809,2.46168996357392,1.93461443999994,8.27814569536424,2043.4122796756683,82.96078535076981,16.2358,2.4981,13.7377
2016-01-01,Continental,21.5305162947519,-1.83964771029177,108.745497420015,7.46825989544436,2043.4122796756683,82.96078535076981,16.2358,2.4981,13.7377
2016-01-01,Crédito,33.799048539883,1.27906172766876,240.274638339996,7.08215297450425,2043.4122796756683,82.96078535076981,16.2358,2.4981,13.7377
2016-01-01,Falabella,1.67854644843138,-0.794458563138523,11.514087510001,6.95410292072323,2043.4122796756683,82.96078535076981,16.2358,2.4981,13.7377
2016-01-01,Financiero,2.72600095848215,-2.56966848258279,5.28739836999978,8.46740050804403,2043.4122796756683,82.96078535076981,16.2358,2.4981,13.7377
2016-01-01,GNB,1.63076799464912,-0.753148724959785,4.54532244999917,8.16326530612245,2043.4122796756683,82.96078535076981,16.2358,2.4981,13.7377
2016-01-01,ICBC,0.0520732741120095,-9.90932540645114,-0.351789560000048,2.05296653664545,2043.4122796756683,82.96078535076981,16.2358,2.4981,13.7377
2016-01-01,Interbank,11.1372308240973,0.743860690232756,76.755256339998,6.58327847267939,2043.4122796756683,82.96078535076981,16.2358,2.4981,13.7377
2016-01-01,MiBanco,3.45507979942622,0.569808538668126,20.3449858100004,6.59195781147001,2043.4122796756683,82.96078535076981,16.2358,2.4981,13.7377
2016-01-01,Ripley,0.672401035953919,-0.486668501847609,7.22891536,6.70690811535882,2043.4122796756683,82.96078535076981,16.2358,2.4981,13.7377
2016-01-01,Santander,1.26854696847746,0.549476084735256,4.32687320000092,6.94444444444444,2043.4122796756683,82.96078535076981,16.2358,2.4981,13.7377
2016-01-01,Scotiabank,16.4939896920376,1.25977166428592,96.5694405700022,7.33675715333822,2043.4122796756683,82.96078535076981,16.2358,2.4981,13.7377
2016-02-01,Azteca,0.175501216146354,-3.72449796956933,1.52436945,4.46428571428571,2048.547761089153,83.1468023769503,16.1293,2.57,13.5593
2016-02-01,BanBif,3.63899351665773,0.666714144963576,15.89840215,8.21692686935086,2048.547761089153,83.1468023769503,16.1293,2.57,13.5593
2016-02-01,Citibank,0.921175428899725,-4.19278120214605,28.59765676,5.61797752808989,2048.547761089153,83.1468023769503,16.1293,2.57,13.5593
2016-02-01,Comercio,0.515195688896771,1.59593843287593,3.74842926,8.40336134453782,2048.547761089153,83.1468023769503,16.1293,2.57,13.5593
2016-02-01,Continental,21.9222857146352,0.0200713053001511,201.7880357,7.59301442672741,2048.547761089153,83.1468023769503,16.1293,2.57,13.5593
2016-02-01,Crédito,33.6771375111148,0.464361852329098,480.10545476,6.99300699300699,2048.547761089153,83.1468023769503,16.1293,2.57,13.5593
2016-02-01,Falabella,1.67242811808859,-0.306676385661286,21.80812694,6.97350069735007,2048.547761089153,83.1468023769503,16.1293,2.57,13.5593
2016-02-01,Financiero,2.67247425064948,-2.23392319794595,8.3142056,8.35421888053467,2048.547761089153,83.1468023769503,16.1293,2.57,13.5593
2016-02-01,GNB,1.6283331278786,-0.375179860473196,10.99172095,8.00640512409928,2048.547761089153,83.1468023769503,16.1293,2.57,13.5593
2016-02-01,ICBC,0.0546351138894019,-3.17371808105359,-0.77330105,2.09995800083998,2048.547761089153,83.1468023769503,16.1293,2.57,13.5593
2016-02-01,Interbank,11.1831860157052,0.640957873821524,135.57034053,6.61375661375661,2048.547761089153,83.1468023769503,16.1293,2.57,13.5593
2016-02-01,MiBanco,3.46373086745462,0.677397855473227,40.25898344,6.6577896138482,2048.547761089153,83.1468023769503,16.1293,2.57,13.5593
2016-02-01,Ripley,0.675664957902645,0.2886706539174,11.91806669,6.62251655629139,2048.547761089153,83.1468023769503,16.1293,2.57,13.5593
2016-02-01,Santander,1.23550986883439,-1.13160555582978,9.17324167,7.05716302046577,2048.547761089153,83.1468023769503,16.1293,2.57,13.5593
2016-02-01,Scotiabank,16.3641931354951,0.243921527200008,189.17359822,7.42390497401633,2048.547761089153,83.1468023769503,16.1293,2.57,13.5593
2016-03-01,Azteca,0.171753428699029,-3.53650818228713,0.36745088,4.50653447498873,2055.8437687806463,82.9673258366491,16.0516,2.6139,13.4377
2016-03-01,BanBif,3.6743240460257,1.0838454577059,25.39605188,7.99360511590727,2055.8437687806463,82.9673258366491,16.0516,2.6139,13.4377
2016-03-01,Citibank,0.945221092793126,-1.71590332137767,21.63673625,5.05050505050505,2055.8437687806463,82.9673258366491,16.0516,2.6139,13.4377
2016-03-01,Comercio,0.511270418008893,0.654519371280027,7.06625842,8.23723228995058,2055.8437687806463,82.9673258366491,16.0516,2.6139,13.4377
2016-03-01,Continental,21.8752553156817,0.217955296648253,304.01042762,7.19942404607631,2055.8437687806463,82.9673258366491,16.0516,2.6139,13.4377
2016-03-01,Crédito,34.0209529473927,0.99691177951744,699.09840189,6.66666666666667,2055.8437687806463,82.9673258366491,16.0516,2.6139,13.4377
2016-03-01,Falabella,1.6972346458083,-0.0247702677241834,31.91764794,6.78886625933469,2055.8437687806463,82.9673258366491,16.0516,2.6139,13.4377
2016-03-01,Financiero,2.65547409874188,-1.41307744427548,9.00026688,8.27129859387924,2055.8437687806463,82.9673258366491,16.0516,2.6139,13.4377
2016-03-01,GNB,1.66881576912906,0.765661874433587,15.32230053,8.03212851405623,2055.8437687806463,82.9673258366491,16.0516,2.6139,13.4377
2016-03-01,ICBC,0.0657260170527348,5.48112713268185,-4.50745713,2.36016049091338,2055.8437687806463,82.9673258366491,16.0516,2.6139,13.4377
2016-03-01,Interbank,11.1147364900866,0.418373155198903,220.2450963,6.1012812690665,2055.8437687806463,82.9673258366491,16.0516,2.6139,13.4377
2016-03-01,MiBanco,3.51488959076058,0.651998193936643,61.51434203,6.34517766497462,2055.8437687806463,82.9673258366491,16.0516,2.6139,13.4377
2016-03-01,Ripley,0.690012920583477,0.543472644870224,18.39770025,6.68449197860962,2055.8437687806463,82.9673258366491,16.0516,2.6139,13.4377
2016-03-01,Santander,1.22934621307916,-0.329878759654911,13.08102372,6.72947510094213,2055.8437687806463,82.9673258366491,16.0516,2.6139,13.4377
2016-03-01,Scotiabank,15.9563810834881,-0.336175093484314,295.02181773,7.05716302046577,2055.8437687806463,82.9673258366491,16.0516,2.6139,13.4377
2016-04-01,Azteca,0.16594939921603,-3.43861822548679,1.88163782999997,4.33275563258232,2045.3151195279008,82.8761707229916,15.9873,2.6137,13.3736
2016-04-01,BanBif,3.67803100665752,1.03321017675659,32.5842781500001,7.89889415481833,2045.3151195279008,82.8761707229916,15.9873,2.6137,13.3736
2016-04-01,Citibank,0.976811945585741,-0.306281500166627,30.4624527199998,4.93339911198816,2045.3151195279008,82.8761707229916,15.9873,2.6137,13.3736
2016-04-01,Comercio,0.524122305254416,1.21023470552228,10.1484601900001,8.33333333333333,2045.3151195279008,82.8761707229916,15.9873,2.6137,13.3736
2016-04-01,Continental,21.8005631751752,0.271027500645693,422.112473769998,7.26216412490922,2045.3151195279008,82.8761707229916,15.9873,2.6137,13.3736
2016-04-01,Crédito,33.8190943505486,0.794939408257567,892.174597890007,6.61375661375661,2045.3151195279008,82.8761707229916,15.9873,2.6137,13.3736
2016-04-01,Falabella,1.69611729246928,0.0324659461186982,38.6991061899995,6.85400959561343,2045.3151195279008,82.8761707229916,15.9873,2.6137,13.3736
2016-04-01,Financiero,2.66417000540548,-0.790016394731308,9.9951448099999,8.18330605564648,2045.3151195279008,82.8761707229916,15.9873,2.6137,13.3736
2016-04-01,GNB,1.64506370999229,0.375580102347639,19.6951675700001,7.42390497401633,2045.3151195279008,82.8761707229916,15.9873,2.6137,13.3736
2016-04-01,ICBC,0.0711591149347389,6.47685005708878,-5.74363568000003,2.29726625315874,2045.3151195279008,82.8761707229916,15.9873,2.6137,13.3736
2016-04-01,Interbank,11.0988730625627,0.441327738890318,300.423586350005,6.01322910402886,2045.3151195279008,82.8761707229916,15.9873,2.6137,13.3736
2016-04-01,MiBanco,3.54200021242087,0.753544886433133,82.9687330000024,6.39386189258312,2045.3151195279008,82.8761707229916,15.9873,2.6137,13.3736
2016-04-01,Ripley,0.697702518435709,0.747052334466503,23.1047772100001,6.69344042838019,2045.3151195279008,82.8761707229916,15.9873,2.6137,13.3736
2016-04-01,Santander,1.24992752478995,0.391495675964615,20.5866805599995,6.69792364367046,2045.3151195279008,82.8761707229916,15.9873,2.6137,13.3736
2016-04-01,Scotiabank,16.1576401347051,0.261843586048593,374.930185459999,7.19424460431655,2045.3151195279008,82.8761707229916,15.9873,2.6137,13.3736
2016-05-01,Azteca,0.160379001398753,-3.32703443448491,3.33188758999989,4.16666666666667,2032.5523422478427,82.65879668602201,16.0206,2.7061,13.314500000000002
2016-05-01,BanBif,3.73025742053712,1.0078410459043,42.5292442800002,7.9428117553614,2032.5523422478427,82.65879668602201,16.0206,2.7061,13.314500000000002
2016-05-01,Citibank,1.05359227198791,1.21863693237465,45.4696833499995,5.69476082004556,2032.5523422478427,82.65879668602201,16.0206,2.7061,13.314500000000002
2016-05-01,Comercio,0.533997419339808,1.38792384894353,13.34695985,8.26446280991736,2032.5523422478427,82.65879668602201,16.0206,2.7061,13.314500000000002
2016-05-01,Continental,21.8231622808835,0.143463344662464,525.877851180008,7.28332119446468,2032.5523422478427,82.65879668602201,16.0206,2.7061,13.314500000000002
2016-05-01,Crédito,33.6384547641083,0.417744629197303,1227.54484305999,6.35727908455181,2032.5523422478427,82.65879668602201,16.0206,2.7061,13.314500000000002
2016-05-01,Falabella,1.70805904645289,0.253871865581079,44.7137467700002,6.81198910081744,2032.5523422478427,82.65879668602201,16.0206,2.7061,13.314500000000002
2016-05-01,Financiero,2.72764987849733,-0.259846288167065,15.4016376199996,8.33333333333333,2032.5523422478427,82.65879668602201,16.0206,2.7061,13.314500000000002
2016-05-01,GNB,1.62072744624722,-0.0595222314393351,24.2593206199989,7.2992700729927,2032.5523422478427,82.65879668602201,16.0206,2.7061,13.314500000000002
2016-05-01,ICBC,0.0746748690809009,5.82581439751932,-5.56000161999999,2.35793444942231,2032.5523422478427,82.65879668602201,16.0206,2.7061,13.314500000000002
2016-05-01,Interbank,11.1573691543637,0.398598680950957,362.810451109996,6.06060606060606,2032.5523422478427,82.65879668602201,16.0206,2.7061,13.314500000000002
2016-05-01,MiBanco,3.55082877157899,0.734143589932645,104.29167853,5.99520383693046,2032.5523422478427,82.65879668602201,16.0206,2.7061,13.314500000000002
2016-05-01,Ripley,0.70676056664606,0.95647595044821,27.36228481,6.92520775623269,2032.5523422478427,82.65879668602201,16.0206,2.7061,13.314500000000002
2016-05-01,Santander,1.24914527201621,0.129788206059467,26.8461469200005,6.72494956287828,2032.5523422478427,82.65879668602201,16.0206,2.7061,13.314500000000002
2016-05-01,Scotiabank,16.0398104866665,-0.0507649170962021,468.313085919989,7.13266761768902,2032.5523422478427,82.65879668602201,16.0206,2.7061,13.314500000000002
2016-06-01,Azteca,0.155843118682012,-3.26916198266808,5.74506467000004,4.15454923140839,2023.564487134507,82.5952201025474,16.2,2.6457,13.5543
2016-06-01,BanBif,3.70046753448396,0.811521983232177,49.7923992399989,7.7639751552795,2023.564487134507,82.5952201025474,16.2,2.6457,13.5543
2016-06-01,Citibank,1.10002996742224,1.85599658516564,51.1623365699996,5.42593597395551,2023.564487134507,82.5952201025474,16.2,2.6457,13.5543
2016-06-01,Comercio,0.537607765844942,1.27998539249021,16.91276634,7.86782061369001,2023.564487134507,82.5952201025474,16.2,2.6457,13.5543
2016-06-01,Continental,21.7180876964061,0.151883156627419,642.245140329984,7.23589001447178,2023.564487134507,82.5952201025474,16.2,2.6457,13.5543
2016-06-01,Crédito,33.5051907081996,0.404321596601886,1413.82309561,6.34517766497462,2023.564487134507,82.5952201025474,16.2,2.6457,13.5543
2016-06-01,Falabella,1.72266020244838,0.334491392555436,50.0929494099998,6.9204152249135,2023.564487134507,82.5952201025474,16.2,2.6457,13.5543
2016-06-01,Financiero,2.71018238900057,-0.219663900974765,16.50047738,8.31255195344971,2023.564487134507,82.5952201025474,16.2,2.6457,13.5543
2016-06-01,GNB,1.62037664194763,0.0372889574790092,26.0766164999999,7.28862973760933,2023.564487134507,82.5952201025474,16.2,2.6457,13.5543
2016-06-01,ICBC,0.0647619071578777,2.63876567813981,-7.03349933999998,2.29568411386593,2023.564487134507,82.5952201025474,16.2,2.6457,13.5543
2016-06-01,Interbank,11.2746052202375,0.59269313914132,425.546055579995,6.1576354679803,2023.564487134507,82.5952201025474,16.2,2.6457,13.5543
2016-06-01,MiBanco,3.57429906241312,0.706553916249875,121.44202521,6.02046959662854,2023.564487134507,82.5952201025474,16.2,2.6457,13.5543
2016-06-01,Ripley,0.72143224998728,1.11597036428015,32.7300637399999,6.43086816720257,2023.564487134507,82.5952201025474,16.2,2.6457,13.5543
2016-06-01,Santander,1.26293717725915,0.446743890208334,33.2004792599999,6.26959247648903,2023.564487134507,82.5952201025474,16.2,2.6457,13.5543
2016-06-01,Scotiabank,16.0973364777042,0.137042363778872,554.379423150006,7.12250712250712,2023.564487134507,82.5952201025474,16.2,2.6457,13.5543
2016-07-01,Azteca,0.149746180425951,-3.17123555552749,8.79894265999998,4.0048057669203,2013.4574330312093,82.60684138762869,16.3787,2.7039,13.674799999999998
2016-07-01,BanBif,3.69060959936105,0.763089959701735,60.2835881500026,7.78210116731518,2013.4574330312093,82.60684138762869,16.3787,2.7039,13.674799999999998
2016-07-01,Citibank,1.12584067807969,2.02723055405711,57.1567260999994,5.60852495793606,2013.4574330312093,82.60684138762869,16.3787,2.7039,13.674799999999998
2016-07-01,Comercio,0.524134544319556,0.902770228486705,19.36733936,7.5642965204236,2013.4574330312093,82.60684138762869,16.3787,2.7039,13.674799999999998
2016-07-01,Continental,21.8137066936936,0.296341704212821,742.917720790012,6.95410292072323,2013.4574330312093,82.60684138762869,16.3787,2.7039,13.674799999999998
2016-07-01,Crédito,33.1665022488288,0.297402136738034,1636.98081807999,6.38162093171666,2013.4574330312093,82.60684138762869,16.3787,2.7039,13.674799999999998
2016-07-01,Falabella,1.68662809110244,0.176045436016592,59.1282697700003,6.92520775623269,2013.4574330312093,82.60684138762869,16.3787,2.7039,13.674799999999998
2016-07-01,Financiero,2.7248632758443,-0.00453868112260114,20.26154226,8.22368421052632,2013.4574330312093,82.60684138762869,16.3787,2.7039,13.674799999999998
2016-07-01,GNB,1.63002435534394,0.236845334234825,28.0019410400005,7.32600732600733,2013.4574330312093,82.60684138762869,16.3787,2.7039,13.674799999999998
2016-07-01,ICBC,0.0874637712767387,6.75179980210243,-6.16829251000002,2.60620276257493,2013.4574330312093,82.60684138762869,16.3787,2.7039,13.674799999999998
2016-07-01,Interbank,11.2504128610063,0.600832077402602,498.459164649996,6.12745098039216,2013.4574330312093,82.60684138762869,16.3787,2.7039,13.674799999999998
2016-07-01,MiBanco,3.54544300261232,0.678834463624556,148.594019419999,6.0790273556231,2013.4574330312093,82.60684138762869,16.3787,2.7039,13.674799999999998
2016-07-01,Ripley,0.723430839911302,1.19431806689048,40.6896254499997,6.61813368630046,2013.4574330312093,82.60684138762869,16.3787,2.7039,13.674799999999998
2016-07-01,Santander,1.27961139805397,0.646488541425461,37.886045329999,6.45994832041344,2013.4574330312093,82.60684138762869,16.3787,2.7039,13.674799999999998
2016-07-01,Scotiabank,16.3762195841,0.459156327255372,645.480655629999,6.96378830083566,2013.4574330312093,82.60684138762869,16.3787,2.7039,13.674799999999998
2016-08-01,Azteca,0.146160877832359,-3.01995498367535,11.04060286,3.87296669248644,2011.4601118294263,82.64311818458819,16.4984,2.7113,13.7871
2016-08-01,BanBif,3.68782170065326,0.669573021973724,68.93379451,7.59878419452888,2011.4601118294263,82.64311818458819,16.4984,2.7113,13.7871
2016-08-01,Citibank,1.05517180550084,0.961746808976471,62.70921737,4.55580865603645,2011.4601118294263,82.64311818458819,16.4984,2.7113,13.7871
2016-08-01,Comercio,0.519592728172979,0.72416614406583,22.10626335,7.26744186046512,2011.4601118294263,82.64311818458819,16.4984,2.7113,13.7871
2016-08-01,Continental,21.6720369550471,0.187325719438314,860.98154784,6.83526999316473,2011.4601118294263,82.64311818458819,16.4984,2.7113,13.7871
2016-08-01,Crédito,33.1397993208389,0.2581334673178,1887.30521542,6.38977635782748,2011.4601118294263,82.64311818458819,16.4984,2.7113,13.7871
2016-08-01,Falabella,1.66653044534797,0.0580269289580881,66.03672861,6.73854447439353,2011.4601118294263,82.64311818458819,16.4984,2.7113,13.7871
2016-08-01,Financiero,2.80658072180887,0.378548339822027,24.01697957,8.23045267489712,2011.4601118294263,82.64311818458819,16.4984,2.7113,13.7871
2016-08-01,GNB,1.63068889410518,0.229639932993564,32.13660482,7.32600732600733,2011.4601118294263,82.64311818458819,16.4984,2.7113,13.7871
2016-08-01,ICBC,0.0898310736387182,1.84001319427463,-6.71689157,2.66737796745799,2011.4601118294263,82.64311818458819,16.4984,2.7113,13.7871
2016-08-01,Interbank,11.3490450680518,0.654330195068775,555.0264659,6.2266500622665,2011.4601118294263,82.64311818458819,16.4984,2.7113,13.7871
2016-08-01,MiBanco,3.55490406147836,0.680216928141597,179.98174208,6.11995104039168,2011.4601118294263,82.64311818458819,16.4984,2.7113,13.7871
2016-08-01,Ripley,0.714578115249797,0.945581691256581,46.91094859,6.49772579597141,2011.4601118294263,82.64311818458819,16.4984,2.7113,13.7871
2016-08-01,Santander,1.26392880384516,0.403903355580892,43.79301111,6.26959247648903,2011.4601118294263,82.64311818458819,16.4984,2.7113,13.7871
2016-08-01,Scotiabank,16.4822368406504,0.491104679250709,734.04232415,6.78886625933469,2011.4601118294263,82.64311818458819,16.4984,2.7113,13.7871
2016-09-01,Azteca,0.143405593508105,-2.87160263831637,12.0227887300001,3.87296669248644,2020.1778451549235,82.7204384205103,16.8447,2.705,14.1397
2016-09-01,BanBif,3.69800639121337,0.640761797521283,76.9016294599986,7.59878419452888,2020.1778451549235,82.7204384205103,16.8447,2.705,14.1397
2016-09-01,Citibank,1.05829748727946,0.90285261151728,80.2513906599999,4.55580865603645,2020.1778451549235,82.7204384205103,16.8447,2.705,14.1397
2016-09-01,Comercio,0.528560407041918,0.856313027383759,24.6037699499999,7.26744186046512,2020.1778451549235,82.7204384205103,16.8447,2.705,14.1397
2016-09-01,Continental,21.5419410969745,0.114442331829712,977.56519310001,6.83526999316473,2020.1778451549235,82.7204384205103,16.8447,2.705,14.1397
2016-09-01,Crédito,33.3159584191243,0.302558715217316,2163.78887105,6.38977635782748,2020.1778451549235,82.7204384205103,16.8447,2.705,14.1397
2016-09-01,Falabella,1.64089230276876,-0.0974932227537528,71.3053271699997,6.73854447439353,2020.1778451549235,82.7204384205103,16.8447,2.705,14.1397
2016-09-01,Financiero,2.7954014522595,0.30670285936456,29.2706602199995,8.23045267489712,2020.1778451549235,82.7204384205103,16.8447,2.705,14.1397
2016-09-01,GNB,1.59265288096282,-0.0426743802875662,35.5615258000005,7.32600732600733,2020.1778451549235,82.7204384205103,16.8447,2.705,14.1397
2016-09-01,ICBC,0.0863665743151918,5.02770882532657,-7.31884618999999,2.66737796745799,2020.1778451549235,82.7204384205103,16.8447,2.705,14.1397
2016-09-01,Interbank,11.195201667163,0.445044678905315,636.541693739999,6.2266500622665,2020.1778451549235,82.7204384205103,16.8447,2.705,14.1397
2016-09-01,MiBanco,3.59305140311115,0.746861647290942,208.414038929999,6.11995104039168,2020.1778451549235,82.7204384205103,16.8447,2.705,14.1397
2016-09-01,Ripley,0.711480339137557,0.815189005631023,52.2166318800002,6.49772579597141,2020.1778451549235,82.7204384205103,16.8447,2.705,14.1397
2016-09-01,Santander,1.2143535792471,-0.0756473637631316,52.3123013600005,6.26959247648903,2020.1778451549235,82.7204384205103,16.8447,2.705,14.1397
2016-09-01,Scotiabank,16.6673372372485,0.575888376910094,844.775634979999,6.78886625933469,2020.1778451549235,82.7204384205103,16.8447,2.705,14.1397
2016-10-01,Azteca,0.143852513685179,-2.60330731312473,12.7183104299998,3.86548125241593,2011.5816347040404,82.652266125912,17.0642,2.7081,14.3561
2016-10-01,BanBif,3.69621693635924,0.560698643792557,84.6975888399999,7.63941940412529,2011.5816347040404,82.652266125912,17.0642,2.7081,14.3561
2016-10-01,Citibank,1.03611993502155,0.591747335480997,84.7762142799996,4.75285171102662,2011.5816347040404,82.652266125912,17.0642,2.7081,14.3561
2016-10-01,Comercio,0.527855880505218,0.721549832252011,27.1449837400001,7.13266761768902,2011.5816347040404,82.652266125912,17.0642,2.7081,14.3561
2016-10-01,Continental,21.6839674003824,0.159989861367027,1084.69860443998,6.82128240109141,2011.5816347040404,82.652266125912,17.0642,2.7081,14.3561
2016-10-01,Crédito,33.0725224506367,0.191855270604702,2450.03039837998,6.426735218509,2011.5816347040404,82.652266125912,17.0642,2.7081,14.3561
2016-10-01,Falabella,1.63191802095625,-0.187593987083567,77.2275184900001,6.69792364367046,2011.5816347040404,82.652266125912,17.0642,2.7081,14.3561
2016-10-01,Financiero,2.80663316781924,0.303101980540155,35.0439382000001,8.03858520900322,2011.5816347040404,82.652266125912,17.0642,2.7081,14.3561
2016-10-01,GNB,1.61751578121933,0.100975282662352,39.9675647800004,7.25163161711385,2011.5816347040404,82.652266125912,17.0642,2.7081,14.3561
2016-10-01,ICBC,0.0835382787814742,4.2050478919619,-8.26816366000001,2.53936008125952,2011.5816347040404,82.652266125912,17.0642,2.7081,14.3561
2016-10-01,Interbank,11.2131497178253,0.399285924406123,716.616308259998,6.20347394540943,2011.5816347040404,82.652266125912,17.0642,2.7081,14.3561
2016-10-01,MiBanco,3.65445395398075,0.798074698852402,239.251050470001,6.18429189857761,2011.5816347040404,82.652266125912,17.0642,2.7081,14.3561
2016-10-01,Ripley,0.72037894152395,0.811634248775439,61.8546478800004,6.57462195923734,2011.5816347040404,82.652266125912,17.0642,2.7081,14.3561
2016-10-01,Santander,1.21578971382007,-0.05772974593653,57.0570837200014,6.0459492140266,2011.5816347040404,82.652266125912,17.0642,2.7081,14.3561
2016-10-01,Scotiabank,16.6826265570676,0.518224673967849,947.138630189993,6.93962526023595,2011.5816347040404,82.652266125912,17.0642,2.7081,14.3561
2016-11-01,Azteca,0.144690077928379,-2.2223941306895,12.9303547700001,3.86548125241593,2018.7915146292003,82.6711979807998,17.0273,2.6703,14.357
2016-11-01,BanBif,3.67637710781146,0.516322176974149,91.153551180001,7.63941940412529,2018.7915146292003,82.6711979807998,17.0273,2.6703,14.357
2016-11-01,Citibank,1.10726410742054,1.19904600211995,99.3458878699995,4.75285171102662,2018.7915146292003,82.6711979807998,17.0273,2.6703,14.357
2016-11-01,Comercio,0.524536277262911,0.682641144059004,29.4512284700003,7.13266761768902,2018.7915146292003,82.6711979807998,17.0273,2.6703,14.357
2016-11-01,Continental,21.5697473941826,0.150848982884888,1199.58189983999,6.82128240109141,2018.7915146292003,82.6711979807998,17.0273,2.6703,14.357
2016-11-01,Crédito,33.2762789702789,0.281062878022875,2697.1717217,6.426735218509,2018.7915146292003,82.6711979807998,17.0273,2.6703,14.357
2016-11-01,Falabella,1.63677022060792,-0.0477280931166835,81.5977560999995,6.69792364367046,2018.7915146292003,82.6711979807998,17.0273,2.6703,14.357
2016-11-01,Financiero,2.78557253993645,0.264919450383294,37.6658027499999,8.03858520900322,2018.7915146292003,82.6711979807998,17.0273,2.6703,14.357
2016-11-01,GNB,1.621879006097,0.177709143178051,44.4905823500007,7.25163161711385,2018.7915146292003,82.6711979807998,17.0273,2.6703,14.357
2016-11-01,ICBC,0.0804704696547247,3.46246921865505,-8.57718150999999,2.53936008125952,2018.7915146292003,82.6711979807998,17.0273,2.6703,14.357
2016-11-01,Interbank,11.1081339325104,0.340374344689476,786.035113430004,6.20347394540943,2018.7915146292003,82.6711979807998,17.0273,2.6703,14.357
2016-11-01,MiBanco,3.66215406711668,0.84015300658411,268.35028383,6.18429189857761,2018.7915146292003,82.6711979807998,17.0273,2.6703,14.357
2016-11-01,Ripley,0.723235335973089,0.87238489211261,66.89135967,6.57462195923734,2018.7915146292003,82.6711979807998,17.0273,2.6703,14.357
2016-11-01,Santander,1.15285975749768,-0.490314047475515,62.8966431199999,6.0459492140266,2018.7915146292003,82.6711979807998,17.0273,2.6703,14.357
2016-11-01,Scotiabank,16.7170376838279,0.543349901653678,1037.88798378,6.93962526023595,2018.7915146292003,82.6711979807998,17.0273,2.6703,14.357
2016-12-01,Azteca,0.153395550778816,0.693438364575716,13.91939218,3.93545848091303,2029.540073789518,82.9428172110071,17.1565,2.6303,14.526200000000001
2016-12-01,BanBif,3.62166795062638,0.594683505203442,99.0907045900006,7.50750750750751,2029.540073789518,82.9428172110071,17.1565,2.6303,14.526200000000001
2016-12-01,Citibank,0.953180146681092,-2.83182435009769,152.848729000001,5.03018108651912,2029.540073789518,82.9428172110071,17.1565,2.6303,14.526200000000001
2016-12-01,Comercio,0.541180114585424,1.06680952715996,31.6352830700003,7.29394602479942,2029.540073789518,82.9428172110071,17.1565,2.6303,14.526200000000001
2016-12-01,Continental,22.1064321424448,-0.30627006963091,1337.96755098001,7.01754385964912,2029.540073789518,82.9428172110071,17.1565,2.6303,14.526200000000001
2016-12-01,Crédito,33.2165394997562,0.136185998575744,2925.55023627,6.51465798045603,2029.540073789518,82.9428172110071,17.1565,2.6303,14.526200000000001
2016-12-01,Falabella,1.67395769460332,-0.523768912068912,89.23732897,6.50195058517555,2029.540073789518,82.9428172110071,17.1565,2.6303,14.526200000000001
2016-12-01,Financiero,2.67085914228207,0.068090361001194,33.0991626999997,7.59878419452888,2029.540073789518,82.9428172110071,17.1565,2.6303,14.526200000000001
2016-12-01,GNB,1.58098367533471,0.228406860122554,50.0120585500004,6.98812019566737,2029.540073789518,82.9428172110071,17.1565,2.6303,14.526200000000001
2016-12-01,ICBC,0.0703445651716017,1.07376105884991,-8.73396292000005,1.62364020133138,2029.540073789518,82.9428172110071,17.1565,2.6303,14.526200000000001
2016-12-01,Interbank,11.1697020041468,0.313017828288764,875.074864250003,6.28930817610063,2029.540073789518,82.9428172110071,17.1565,2.6303,14.526200000000001
2016-12-01,MiBanco,3.67071751070369,0.673026794329679,312.5963605,6.43500643500644,2029.540073789518,82.9428172110071,17.1565,2.6303,14.526200000000001
2016-12-01,Ripley,0.756245226730596,0.567952416377082,71.7567360900003,6.8073519400953,2029.540073789518,82.9428172110071,17.1565,2.6303,14.526200000000001
2016-12-01,Santander,1.14462982123271,-0.0409084327028686,68.9022329099998,5.93119810201661,2029.540073789518,82.9428172110071,17.1565,2.6303,14.526200000000001
2016-12-01,Scotiabank,16.4501435646593,0.952675427201388,1168.74255086,6.93962526023595,2029.540073789518,82.9428172110071,17.1565,2.6303,14.526200000000001
2017-01-01,Azteca,0.156054698285679,0.480879434472148,0.600870809999911,4.00801603206413,2023.2827002143317,82.8542003255684,17.7387,2.7,15.038700000000002
2017-01-01,BanBif,3.7013027198209,1.61771095641949,7.53397415000085,7.43494423791822,2023.2827002143317,82.8542003255684,17.7387,2.7,15.038700000000002
2017-01-01,Citibank,0.931236357332008,-2.81442865010657,9.00587046000018,5.01504513540622,2023.2827002143317,82.8542003255684,17.7387,2.7,15.038700000000002
2017-01-01,Comercio,0.551136125034157,0.769787003500477,2.79757905999994,7.6219512195122,2023.2827002143317,82.8542003255684,17.7387,2.7,15.038700000000002
2017-01-01,Continental,21.7259208329397,-2.24334478167583,100.332889300011,6.80272108843537,2023.2827002143317,82.8542003255684,17.7387,2.7,15.038700000000002
2017-01-01,Crédito,33.2555083603127,-0.305058625896626,281.587264669987,6.4143681847338,2023.2827002143317,82.8542003255684,17.7387,2.7,15.038700000000002
2017-01-01,Falabella,1.6607107371296,-1.98918060053614,5.35324233999939,6.41848523748395,2023.2827002143317,82.8542003255684,17.7387,2.7,15.038700000000002
2017-01-01,Financiero,2.64359200874609,-1.69217927688018,0.49160180999864,7.50750750750751,2023.2827002143317,82.8542003255684,17.7387,2.7,15.038700000000002
2017-01-01,GNB,1.59179292838402,-0.0315006006532337,4.48620383999925,6.95410292072323,2023.2827002143317,82.8542003255684,17.7387,2.7,15.038700000000002
2017-01-01,ICBC,0.0761227439745835,8.80573410853525,-1.14761478999999,1.56862745098039,2023.2827002143317,82.8542003255684,17.7387,2.7,15.038700000000002
2017-01-01,Interbank,11.2963344746557,0.469643522417584,64.0238327399993,6.34517766497462,2023.2827002143317,82.8542003255684,17.7387,2.7,15.038700000000002
2017-01-01,MiBanco,3.73131732288045,0.441017328480031,34.7668162500001,6.47249190938511,2023.2827002143317,82.8542003255684,17.7387,2.7,15.038700000000002
2017-01-01,Ripley,0.750641642629078,-1.96314980706007,7.47160964999963,6.72494956287828,2023.2827002143317,82.8542003255684,17.7387,2.7,15.038700000000002
2017-01-01,Santander,1.13381033231846,-1.30185923043882,5.52555742999906,5.82750582750583,2023.2827002143317,82.8542003255684,17.7387,2.7,15.038700000000002
2017-01-01,Scotiabank,16.5764366576603,0.224103869105896,114.840437509995,7.04225352112676,2023.2827002143317,82.8542003255684,17.7387,2.7,15.038700000000002
2017-02-01,Azteca,0.159593941840154,1.34555794266706,0.755940330000014,4.0766408479413,2023.829421773415,82.84062239905441,17.0679,2.7339,14.334000000000001
2017-02-01,BanBif,3.68841154899033,0.713469940210532,11.872288729999,7.33675715333822,2023.829421773415,82.84062239905441,17.0679,2.7339,14.334000000000001
2017-02-01,Citibank,0.904905330739259,-2.74883578259958,18.8130020800014,4.97017892644135,2023.829421773415,82.84062239905441,17.0679,2.7339,14.334000000000001
2017-02-01,Comercio,0.563673922165688,1.52083245684627,4.92099092999997,7.9428117553614,2023.829421773415,82.84062239905441,17.0679,2.7339,14.334000000000001
2017-02-01,Continental,21.3079444576496,-1.99153949158848,196.330495039997,6.68896321070234,2023.829421773415,82.84062239905441,17.0679,2.7339,14.334000000000001
2017-02-01,Crédito,33.4395536428306,0.244913059288088,465.249412579992,6.46830530401035,2023.829421773415,82.84062239905441,17.0679,2.7339,14.334000000000001
2017-02-01,Falabella,1.64377502876263,-1.52663246479343,13.3593984599996,6.34517766497462,2023.829421773415,82.84062239905441,17.0679,2.7339,14.334000000000001
2017-02-01,Financiero,2.65283480575035,-0.61042461119224,1.02660538000035,7.28862973760933,2023.829421773415,82.84062239905441,17.0679,2.7339,14.334000000000001
2017-02-01,GNB,1.63751378201346,1.48006550762954,6.00156032000052,6.66222518321119,2023.829421773415,82.84062239905441,17.0679,2.7339,14.334000000000001
2017-02-01,ICBC,0.0798215784472333,7.12223410896662,-1.05407791999995,1.65727543917799,2023.829421773415,82.84062239905441,17.0679,2.7339,14.334000000000001
2017-02-01,Interbank,11.4146161253237,0.832772018722427,123.220970690005,6.38569604086845,2023.829421773415,82.84062239905441,17.0679,2.7339,14.334000000000001
2017-02-01,MiBanco,3.76201754865075,0.612842748261988,51.3231518799987,6.57894736842105,2023.829421773415,82.84062239905441,17.0679,2.7339,14.334000000000001
2017-02-01,Ripley,0.744126175089532,-1.44132275674869,10.0737387800001,6.75675675675676,2023.829421773415,82.84062239905441,17.0679,2.7339,14.334000000000001
2017-02-01,Santander,1.10941304540503,-1.60524819629642,10.88929291,5.74382538770821,2023.829421773415,82.84062239905441,17.0679,2.7339,14.334000000000001
2017-02-01,Scotiabank,16.6785081732505,0.510887684756711,197.434900939999,7.06214689265537,2023.829421773415,82.84062239905441,17.0679,2.7339,14.334000000000001
2017-03-01,Azteca,0.163577040031606,1.75693252061124,0.945459919999897,4.1407867494824,1991.9721287344664,82.69398674381391,16.9577,2.7077,14.25
2017-03-01,BanBif,3.73723239517798,0.993025972096229,20.2812208199996,7.5187969924812,1991.9721287344664,82.69398674381391,16.9577,2.7077,14.25
2017-03-01,Citibank,0.880299280065276,-2.67775811855335,37.0932671899994,4.79846449136276,1991.9721287344664,82.69398674381391,16.9577,2.7077,14.25
2017-03-01,Comercio,0.57887590692893,1.96088410670148,8.43342714000005,7.9428117553614,1991.9721287344664,82.69398674381391,16.9577,2.7077,14.25
2017-03-01,Continental,21.1777615168149,-1.4623928996387,317.47558403001,6.67556742323097,1991.9721287344664,82.69398674381391,16.9577,2.7077,14.25
2017-03-01,Crédito,32.6042667388486,-0.600181997874361,716.609719259994,5.97728631201435,1991.9721287344664,82.69398674381391,16.9577,2.7077,14.25
2017-03-01,Falabella,1.62958072243418,-1.27666555641202,20.8678279600003,6.18811881188119,1991.9721287344664,82.69398674381391,16.9577,2.7077,14.25
2017-03-01,Financiero,2.66439701334667,-0.201311244771374,2.51371835000049,7.31528895391368,1991.9721287344664,82.69398674381391,16.9577,2.7077,14.25
2017-03-01,GNB,1.64014584411769,1.09983448053315,10.7518548900002,6.71591672263264,1991.9721287344664,82.69398674381391,16.9577,2.7077,14.25
2017-03-01,ICBC,0.0912388026616392,9.56757890335209,-1.92336859000005,1.72651933701657,1991.9721287344664,82.69398674381391,16.9577,2.7077,14.25
2017-03-01,Interbank,11.3932821111146,0.550349984752385,199.618314209999,5.84795321637427,1991.9721287344664,82.69398674381391,16.9577,2.7077,14.25
2017-03-01,MiBanco,3.76340336520641,0.451517938580559,69.9061709499994,6.0790273556231,1991.9721287344664,82.69398674381391,16.9577,2.7077,14.25
2017-03-01,Ripley,0.740098513798385,-1.11362855105869,14.2145635799997,6.77966101694915,1991.9721287344664,82.69398674381391,16.9577,2.7077,14.25
2017-03-01,Santander,1.20741504082677,1.89820178793754,15.3179796699996,5.87544065804935,1991.9721287344664,82.69398674381391,16.9577,2.7077,14.25
2017-03-01,Scotiabank,17.5186763770358,2.08411003696705,304.511692550002,7.07714083510262,1991.9721287344664,82.69398674381391,16.9577,2.7077,14.25
2017-04-01,Azteca,0.163207575460011,1.32162708073595,0.999034709999976,4.1407867494824,1994.0979959491092,82.5990710666648,16.844,2.7083,14.135700000000002
2017-04-01,BanBif,3.76159418739114,0.981642470686017,27.8168183599988,7.5187969924812,1994.0979959491092,82.5990710666648,16.844,2.7083,14.135700000000002
2017-04-01,Citibank,0.895365730116441,-1.54031816600938,45.5167908699998,4.79846449136276,1994.0979959491092,82.5990710666648,16.844,2.7083,14.135700000000002
2017-04-01,Comercio,0.580407401255995,1.59665996019185,11.2608553899997,7.9428117553614,1994.0979959491092,82.5990710666648,16.844,2.7083,14.135700000000002
2017-04-01,Continental,20.6189494885908,-1.6822149870679,434.440914120008,6.67556742323097,1994.0979959491092,82.5990710666648,16.844,2.7083,14.135700000000002
2017-04-01,Crédito,32.9339112440548,-0.126079335996754,928.691865309989,5.97728631201435,1994.0979959491092,82.5990710666648,16.844,2.7083,14.135700000000002
2017-04-01,Falabella,1.62604880096252,-0.950267267345006,25.7272617100001,6.18811881188119,1994.0979959491092,82.5990710666648,16.844,2.7083,14.135700000000002
2017-04-01,Financiero,2.66837654203389,-0.0434745898734712,3.46571549000068,7.31528895391368,1994.0979959491092,82.5990710666648,16.844,2.7083,14.135700000000002
2017-04-01,GNB,1.63688306897999,0.839276348812668,14.0924883799998,6.71591672263264,1994.0979959491092,82.5990710666648,16.844,2.7083,14.135700000000002
2017-04-01,ICBC,0.111495355286032,12.6415780407048,-3.01022190000005,1.72651933701657,1994.0979959491092,82.5990710666648,16.844,2.7083,14.135700000000002
2017-04-01,Interbank,11.4875996444032,0.688662278579089,276.814201379992,5.84795321637427,1994.0979959491092,82.5990710666648,16.844,2.7083,14.135700000000002
2017-04-01,MiBanco,3.76338913823936,0.401891474598992,94.0746430000002,6.0790273556231,1994.0979959491092,82.5990710666648,16.844,2.7083,14.135700000000002
2017-04-01,Ripley,0.740166717724255,-0.771370211256306,16.6880621499999,6.77966101694915,1994.0979959491092,82.5990710666648,16.844,2.7083,14.135700000000002
2017-04-01,Santander,1.25013720646278,2.39905898048094,20.6469516300007,5.87544065804935,1994.0979959491092,82.5990710666648,16.844,2.7083,14.135700000000002
2017-04-01,Scotiabank,17.558610689616,1.69144528317366,384.265515420006,7.07714083510262,1994.0979959491092,82.5990710666648,16.844,2.7083,14.135700000000002
2017-05-01,Azteca,0.161357231407383,0.9104134915777,1.15711605000001,4.15627597672485,1989.4712426898539,82.5494118784498,16.7794,2.7294,14.049999999999999
2017-05-01,BanBif,3.79876460636573,1.01779025032274,36.977848559999,7.57575757575758,1989.4712426898539,82.5494118784498,16.7794,2.7294,14.049999999999999
2017-05-01,Citibank,0.827791628010813,-2.74227381780705,58.6959554799994,3.295978905735,1989.4712426898539,82.5494118784498,16.7794,2.7294,14.049999999999999
2017-05-01,Comercio,0.581435210440921,1.38349571278422,14.5548734299999,7.96178343949045,1989.4712426898539,82.5494118784498,16.7794,2.7294,14.049999999999999
2017-05-01,Continental,20.7543520676443,-1.19126070182891,549.32558710001,6.5402223675605,1989.4712426898539,82.5494118784498,16.7794,2.7294,14.049999999999999
2017-05-01,Crédito,32.8077929480922,-0.15286500094841,1201.93443898,6.03864734299517,1989.4712426898539,82.5494118784498,16.7794,2.7294,14.049999999999999
2017-05-01,Falabella,1.63813699139859,-0.532277043616569,32.2473038800003,6.31711939355654,1989.4712426898539,82.5494118784498,16.7794,2.7294,14.049999999999999
2017-05-01,Financiero,2.69050775960285,0.172031912887594,5.19138863999933,7.42390497401633,1989.4712426898539,82.5494118784498,16.7794,2.7294,14.049999999999999
2017-05-01,GNB,1.66625016575828,1.0750336210787,18.1964530999994,6.93000693000693,1989.4712426898539,82.5494118784498,16.7794,2.7294,14.049999999999999
2017-05-01,ICBC,0.102721253629145,8.14920411804037,-2.46668582999998,1.98965380023876,1989.4712426898539,82.5494118784498,16.7794,2.7294,14.049999999999999
2017-05-01,Interbank,11.5198234890599,0.648600653784936,347.13283957,5.87544065804935,1989.4712426898539,82.5494118784498,16.7794,2.7294,14.049999999999999
2017-05-01,MiBanco,3.77595444516172,0.469332403121303,122.66011635,6.09384521633151,1989.4712426898539,82.5494118784498,16.7794,2.7294,14.049999999999999
2017-05-01,Ripley,0.758686541409726,-0.0412541886935958,21.7441455699997,6.66666666666667,1989.4712426898539,82.5494118784498,16.7794,2.7294,14.049999999999999
2017-05-01,Santander,1.2394618567504,1.74730144869029,26.51973513,6.01684717208183,1989.4712426898539,82.5494118784498,16.7794,2.7294,14.049999999999999
2017-05-01,Scotiabank,17.4674433736534,1.27754535834754,486.343493190006,7.03729767769177,1989.4712426898539,82.5494118784498,16.7794,2.7294,14.049999999999999
2017-06-01,Azteca,0.161874908002124,0.745222792192468,1.35570007000006,4.12031314379893,1979.8368040685746,82.45520801741691,17.084,2.7223,14.361699999999999
2017-06-01,BanBif,3.83830873566871,0.985822142195336,43.6536027500017,7.70416024653313,1979.8368040685746,82.45520801741691,17.084,2.7223,14.361699999999999
2017-06-01,Citibank,0.811242990832602,-2.66269872688234,72.7714072699999,3.30687830687831,1979.8368040685746,82.45520801741691,17.084,2.7223,14.361699999999999
2017-06-01,Comercio,0.584765848873327,1.18790565954041,17.84836351,8.07754442649435,1979.8368040685746,82.45520801741691,17.084,2.7223,14.361699999999999
2017-06-01,Continental,21.0574315689297,-0.786553366721221,644.925275130001,6.63129973474801,1979.8368040685746,82.45520801741691,17.084,2.7223,14.361699999999999
2017-06-01,Crédito,32.4725694608152,-0.327572799552756,1450.35334680001,6.06428138265616,1979.8368040685746,82.45520801741691,17.084,2.7223,14.361699999999999
2017-06-01,Falabella,1.62577994854555,-0.634463069570756,37.8894244700008,6.13120784794605,1979.8368040685746,82.45520801741691,17.084,2.7223,14.361699999999999
2017-06-01,Financiero,2.72894005520701,0.338633728207394,7.70911098000079,7.58725341426404,1979.8368040685746,82.45520801741691,17.084,2.7223,14.361699999999999
2017-06-01,GNB,1.66242676612695,0.815516137516203,20.02454511,7.18907260963336,1979.8368040685746,82.45520801741691,17.084,2.7223,14.361699999999999
2017-06-01,ICBC,0.0887346105050657,4.13886822789773,8.84100494,1.46348602370847,1979.8368040685746,82.45520801741691,17.084,2.7223,14.361699999999999
2017-06-01,Interbank,11.4384105754159,0.38003219767957,415.315782499996,6.01322910402886,1979.8368040685746,82.45520801741691,17.084,2.7223,14.361699999999999
2017-06-01,MiBanco,3.81732910006464,0.50815348238813,147.89664699,6.03864734299517,1979.8368040685746,82.45520801741691,17.084,2.7223,14.361699999999999
2017-06-01,Ripley,0.770765549780808,0.162834894997888,25.89592612,6.91562932226833,1979.8368040685746,82.45520801741691,17.084,2.7223,14.361699999999999
2017-06-01,Santander,1.24159235675927,1.46639202349723,32.8946045099992,6.11246943765281,1979.8368040685746,82.45520801741691,17.084,2.7223,14.361699999999999
2017-06-01,Scotiabank,17.4867964122561,1.05612554406813,564.728573119999,7.0323488045007,1979.8368040685746,82.45520801741691,17.084,2.7223,14.361699999999999
2017-07-01,Azteca,0.160529415413877,0.634977176321305,2.39341652000001,4.10846343467543,1992.1537112410658,82.61896174477,17.0961,2.6939,14.4022
2017-07-01,BanBif,3.86559064309318,1.08539106920658,50.0041579500008,7.70416024653313,1992.1537112410658,82.61896174477,17.0961,2.6939,14.4022
2017-07-01,Citibank,0.780348928726601,-2.71541730284276,92.4466267399992,3.42231348391513,1992.1537112410658,82.61896174477,17.0961,2.6939,14.4022
2017-07-01,Comercio,0.585663113509255,1.16128912388842,20.8495230000003,7.98084596967279,1992.1537112410658,82.61896174477,17.0961,2.6939,14.4022
2017-07-01,Continental,20.501338633157,-0.918257417698942,765.959066849995,6.5402223675605,1992.1537112410658,82.61896174477,17.0961,2.6939,14.4022
2017-07-01,Crédito,32.8181117553175,0.00574179760530757,1710.51063111,6.15006150061501,1992.1537112410658,82.61896174477,17.0961,2.6939,14.4022
2017-07-01,Falabella,1.56210095507527,-0.995209599270797,46.6076045299994,5.88581518540318,1992.1537112410658,82.61896174477,17.0961,2.6939,14.4022
2017-07-01,Financiero,2.68662104376459,0.196257483688855,10.0485348000005,7.50187546886722,1992.1537112410658,82.61896174477,17.0961,2.6939,14.4022
2017-07-01,GNB,1.63880709888143,0.622804881717509,25.0496408599997,7.14796283059328,1992.1537112410658,82.61896174477,17.0961,2.6939,14.4022
2017-07-01,ICBC,0.0959332357382932,4.85170828442023,7.87874710999997,1.51331719128329,1992.1537112410658,82.61896174477,17.0961,2.6939,14.4022
2017-07-01,Interbank,11.4213630578492,0.432975455579787,495.620456280001,6.00961538461538,1992.1537112410658,82.61896174477,17.0961,2.6939,14.4022
2017-07-01,MiBanco,3.78948208938748,0.447196059904531,178.297690059999,6.00240096038415,1992.1537112410658,82.61896174477,17.0961,2.6939,14.4022
2017-07-01,Ripley,0.76400664035369,0.12953162688909,33.1009595100001,6.8870523415978,1992.1537112410658,82.61896174477,17.0961,2.6939,14.4022
2017-07-01,Santander,1.23582952160306,1.32541262738008,39.6393956000012,5.96658711217184,1992.1537112410658,82.61896174477,17.0961,2.6939,14.4022
2017-07-01,Scotiabank,17.8781482984463,1.36417512854969,668.021262049995,6.51041666666667,1992.1537112410658,82.61896174477,17.0961,2.6939,14.4022
2017-08-01,Azteca,0.162320040505446,0.719604700463972,2.76778862999997,4.1407867494824,1977.8066235261335,82.51238492356201,16.9332,2.6571,14.2761
2017-08-01,BanBif,3.88131826074867,1.0264736774531,57.9170519900002,7.85545954438335,1977.8066235261335,82.51238492356201,16.9332,2.6571,14.2761
2017-08-01,Citibank,0.792548138539502,-2.15855461602352,102.50067971,3.08928019771393,1977.8066235261335,82.51238492356201,16.9332,2.6571,14.2761
2017-08-01,Comercio,0.5868490001959,1.06442228291947,23.6037080300002,7.97448165869219,1977.8066235261335,82.51238492356201,16.9332,2.6571,14.2761
2017-08-01,Continental,20.7668613332794,-0.618730818988977,889.36556081,6.57894736842105,1977.8066235261335,82.51238492356201,16.9332,2.6571,14.2761
2017-08-01,Crédito,32.3951364528237,-0.136513093426749,2006.13971331999,6.06428138265616,1977.8066235261335,82.51238492356201,16.9332,2.6571,14.2761
2017-08-01,Falabella,1.50977713947484,-1.26850280022922,53.4512582200005,5.72409845449342,1977.8066235261335,82.51238492356201,16.9332,2.6571,14.2761
2017-08-01,Financiero,2.71561175127598,0.330201514879613,11.6188700799991,7.54716981132075,1977.8066235261335,82.51238492356201,16.9332,2.6571,14.2761
2017-08-01,GNB,1.65589330103114,0.698381830586658,29.17234458,7.17360114777618,1977.8066235261335,82.51238492356201,16.9332,2.6571,14.2761
2017-08-01,ICBC,0.103677925089955,5.26861946765949,6.87274622999997,1.69434090138936,1977.8066235261335,82.51238492356201,16.9332,2.6571,14.2761
2017-08-01,Interbank,11.4216376155187,0.40272088186537,563.276033860005,6.05326876513317,1977.8066235261335,82.51238492356201,16.9332,2.6571,14.2761
2017-08-01,MiBanco,3.80679008670578,0.4727797713868,210.526070649997,6.00600600600601,1977.8066235261335,82.51238492356201,16.9332,2.6571,14.2761
2017-08-01,Ripley,0.76624310469643,0.174476562417603,40.3776694799999,6.96378830083566,1977.8066235261335,82.51238492356201,16.9332,2.6571,14.2761
2017-08-01,Santander,1.28700199074011,1.7031619252059,44.8117769100002,6.21890547263682,1977.8066235261335,82.51238492356201,16.9332,2.6571,14.2761
2017-08-01,Scotiabank,17.9287495219402,1.25410530025645,773.846677350001,6.57462195923734,1977.8066235261335,82.51238492356201,16.9332,2.6571,14.2761
2017-09-01,Azteca,0.160986548034966,0.64775064052518,3.04055995999996,4.16319733555371,1980.4315706479588,82.6619421378648,16.6457,2.596,14.049700000000001
2017-09-01,BanBif,3.8942100948283,1.02425346097272,65.6486448000005,7.86782061369001,1980.4315706479588,82.6619421378648,16.6457,2.596,14.049700000000001
2017-09-01,Citibank,0.784063633232562,-1.95465671343618,124.42300579,3.19488817891374,1980.4315706479588,82.6619421378648,16.6457,2.596,14.049700000000001
2017-09-01,Comercio,0.58234764662742,0.95300386282875,26.3413410000002,7.84929356357928,1980.4315706479588,82.6619421378648,16.6457,2.596,14.049700000000001
2017-09-01,Continental,21.6966703359065,0.00852474432024852,999.312018099995,6.84931506849315,1980.4315706479588,82.6619421378648,16.6457,2.596,14.049700000000001
2017-09-01,Crédito,32.1043493165309,-0.153902799182171,2247.92091566999,6.11620795107034,1980.4315706479588,82.6619421378648,16.6457,2.596,14.049700000000001
2017-09-01,Falabella,1.46174906186261,-1.38507197740891,57.5898848799992,5.66251415628539,1980.4315706479588,82.6619421378648,16.6457,2.596,14.049700000000001
2017-09-01,Financiero,2.70752178850778,0.339909744682609,13.8600901200021,7.44601638123604,1980.4315706479588,82.6619421378648,16.6457,2.596,14.049700000000001
2017-09-01,GNB,1.64290839285488,0.614155641975578,33.1772100200002,7.20980533525595,1980.4315706479588,82.6619421378648,16.6457,2.596,14.049700000000001
2017-09-01,ICBC,0.103622611635729,4.71463240728243,6.05757662000018,1.86636804777902,1980.4315706479588,82.6619421378648,16.6457,2.596,14.049700000000001
2017-09-01,Interbank,11.4623028690066,0.477511725468083,637.16000865,6.06796116504854,1980.4315706479588,82.6619421378648,16.6457,2.596,14.049700000000001
2017-09-01,MiBanco,3.81364630084761,0.539270414078241,245.332555999998,6.08272506082725,1980.4315706479588,82.6619421378648,16.6457,2.596,14.049700000000001
2017-09-01,Ripley,0.752174710844452,0.0490293583082169,47.85357792,6.35324015247776,1980.4315706479588,82.6619421378648,16.6457,2.596,14.049700000000001
2017-09-01,Santander,1.21196606467197,0.898548914365582,52.3316857000009,5.75373993095512,1980.4315706479588,82.6619421378648,16.6457,2.596,14.049700000000001
2017-09-01,Scotiabank,17.3986196164208,0.849256166533041,888.560148129999,6.55737704918033,1980.4315706479588,82.6619421378648,16.6457,2.596,14.049700000000001
2017-10-01,Azteca,0.158148020249886,0.476856114946478,2.09841561000002,4.10340582683627,1999.727893996419,82.8097841228129,16.4035,2.5858,13.817700000000002
2017-10-01,BanBif,3.8990513501672,1.0252763693906,72.6978619899994,7.58150113722517,1999.727893996419,82.8097841228129,16.4035,2.5858,13.817700000000002
2017-10-01,Citibank,0.755291202260405,-2.03227706172283,135.165594519999,3.19081046585833,1999.727893996419,82.8097841228129,16.4035,2.5858,13.817700000000002
2017-10-01,Comercio,0.585537627366587,0.986729527358876,29.0231232099999,7.89265982636148,1999.727893996419,82.8097841228129,16.4035,2.5858,13.817700000000002
2017-10-01,Continental,21.4315291254569,-0.0250618335092989,1114.25396565001,6.81663258350375,1999.727893996419,82.8097841228129,16.4035,2.5858,13.817700000000002
2017-10-01,Crédito,32.6914701346975,0.134164461272368,2485.71485684999,6.41025641025641,1999.727893996419,82.8097841228129,16.4035,2.5858,13.817700000000002
2017-10-01,Falabella,1.43185383625471,-1.37950260376175,61.0834625999997,5.55555555555556,1999.727893996419,82.8097841228129,16.4035,2.5858,13.817700000000002
2017-10-01,Financiero,2.66718152163117,0.238804445334639,16.3938252600002,7.50750750750751,1999.727893996419,82.8097841228129,16.4035,2.5858,13.817700000000002
2017-10-01,GNB,1.63017653859465,0.566175103848088,37.9832826200006,7.23065798987708,1999.727893996419,82.8097841228129,16.4035,2.5858,13.817700000000002
2017-10-01,ICBC,0.0876592977510285,2.63116028518045,5.62445827999993,1.95160031225605,1999.727893996419,82.8097841228129,16.4035,2.5858,13.817700000000002
2017-10-01,Interbank,11.5469555815226,0.59037482856179,717.175390390009,6.16903146206046,1999.727893996419,82.8097841228129,16.4035,2.5858,13.817700000000002
2017-10-01,MiBanco,3.83302407908359,0.609581769935552,286.673109530001,6.27352572145546,1999.727893996419,82.8097841228129,16.4035,2.5858,13.817700000000002
2017-10-01,Ripley,0.745727932630818,0.0305633025833751,54.3824038799997,6.29722921914358,1999.727893996419,82.8097841228129,16.4035,2.5858,13.817700000000002
2017-10-01,Santander,1.16660418600082,0.524945286729328,60.51212425,5.50660792951542,1999.727893996419,82.8097841228129,16.4035,2.5858,13.817700000000002
2017-10-01,Scotiabank,17.1398292811359,0.704362155410609,993.878040910001,6.48929266709929,1999.727893996419,82.8097841228129,16.4035,2.5858,13.817700000000002
2017-11-01,Azteca,0.158647437268224,0.582923668318625,2.35221614999998,4.14421881475342,2002.845093282585,82.8044227274762,16.1023,2.5397,13.5626
2017-11-01,BanBif,3.84170424812789,0.930646309529015,80.3058956799978,7.49625187406297,2002.845093282585,82.8044227274762,16.1023,2.5397,13.5626
2017-11-01,Citibank,0.800556239125769,-1.14999018186129,148.462327990001,3.62713093942691,2002.845093282585,82.8044227274762,16.1023,2.5397,13.5626
2017-11-01,Comercio,0.586852664010699,1.04439735954933,31.19043393,8.058017727639,2002.845093282585,82.8044227274762,16.1023,2.5397,13.5626
2017-11-01,Continental,21.2099861079858,0.0182957576459364,1227.28119822001,6.96864111498258,2002.845093282585,82.8044227274762,16.1023,2.5397,13.5626
2017-11-01,Crédito,32.8163843747033,0.293170167863366,2745.94063114999,6.45994832041344,2002.845093282585,82.8044227274762,16.1023,2.5397,13.5626
2017-11-01,Falabella,1.4335640184125,-1.12533405254652,65.043867820001,5.6369785794814,2002.845093282585,82.8044227274762,16.1023,2.5397,13.5626
2017-11-01,Financiero,2.68417416122097,0.406526761123827,18.8895226600004,7.59301442672741,2002.845093282585,82.8044227274762,16.1023,2.5397,13.5626
2017-11-01,GNB,1.6014951847995,0.481050041257669,43.2295078900006,7.26216412490922,2002.845093282585,82.8044227274762,16.1023,2.5397,13.5626
2017-11-01,ICBC,0.0777063499065405,1.43775740496004,3.82873702999989,2.0165355918532,2002.845093282585,82.8044227274762,16.1023,2.5397,13.5626
2017-11-01,Interbank,11.4196602507475,0.568124600469155,787.508046999999,6.29722921914358,2002.845093282585,82.8044227274762,16.1023,2.5397,13.5626
2017-11-01,MiBanco,3.84485817153477,0.703407839076919,324.09181186,6.36132315521628,2002.845093282585,82.8044227274762,16.1023,2.5397,13.5626
2017-11-01,Ripley,0.743907449365122,0.125732523376532,62.2959135600002,6.8073519400953,2002.845093282585,82.8044227274762,16.1023,2.5397,13.5626
2017-11-01,Santander,1.18654327042209,0.777148586613219,66.3376968400007,5.49752611324904,2002.845093282585,82.8044227274762,16.1023,2.5397,13.5626
2017-11-01,Scotiabank,17.3583919940396,0.893406370589456,1079.88605497,6.60938532716457,2002.845093282585,82.8044227274762,16.1023,2.5397,13.5626
2017-12-01,Azteca,0.161444438807958,0.744974991138037,2.70058181000003,4.293688278231,2012.4821766337568,82.7596656544121,15.7974,2.461,13.3364
2017-12-01,BanBif,3.81710016383037,0.854924466333817,90.8945742200015,7.53012048192771,2012.4821766337568,82.7596656544121,15.7974,2.461,13.3364
2017-12-01,Citibank,0.82025617731046,-0.794530469937671,159.60420729,3.84319754035357,2012.4821766337568,82.7596656544121,15.7974,2.461,13.3364
2017-12-01,Comercio,0.590872145997319,1.08051549062913,33.91213032,8.24402308326463,2012.4821766337568,82.7596656544121,15.7974,2.461,13.3364
2017-12-01,Continental,21.2936880492285,0.106161224557666,1387.09287846,7.04225352112676,2012.4821766337568,82.7596656544121,15.7974,2.461,13.3364
2017-12-01,Crédito,33.1567188179559,0.410924856644224,2988.09031694,6.64451827242525,2012.4821766337568,82.7596656544121,15.7974,2.461,13.3364
2017-12-01,Falabella,1.44448855460199,-0.906519444935072,72.2541587699996,5.8173356602676,2012.4821766337568,82.7596656544121,15.7974,2.461,13.3364
2017-12-01,Financiero,2.64847149825668,0.318104648824802,20.5676317800011,7.61614623000762,2012.4821766337568,82.7596656544121,15.7974,2.461,13.3364
2017-12-01,GNB,1.5990483347118,0.486050395865356,40.9517681699995,7.23589001447178,2012.4821766337568,82.7596656544121,15.7974,2.461,13.3364
2017-12-01,ICBC,0.0769864162031582,1.29150728867427,3.92002739000003,1.7636684303351,2012.4821766337568,82.7596656544121,15.7974,2.461,13.3364
2017-12-01,Interbank,11.4301023113549,0.587797255910871,901.999786399999,6.22277535780958,2012.4821766337568,82.7596656544121,15.7974,2.461,13.3364
2017-12-01,MiBanco,3.84453852920191,0.707730413015573,361.712959479999,6.54878847413229,2012.4821766337568,82.7596656544121,15.7974,2.461,13.3364
2017-12-01,Ripley,0.760193098869247,0.360073922196813,70.5894518900003,6.94927032661571,2012.4821766337568,82.7596656544121,15.7974,2.461,13.3364
2017-12-01,Santander,1.22449658408574,1.03172214378633,74.2886041200004,5.79038795599305,2012.4821766337568,82.7596656544121,15.7974,2.461,13.3364
2017-12-01,Scotiabank,16.8791564758728,0.641161029597703,1221.02095941,6.46412411118293,2012.4821766337568,82.7596656544121,15.7974,2.461,13.3364
2018-01-01,Azteca,0.160742795324627,-0.786325939929111,0.134212299999958,23.32,2010.0620865564413,82.8218493156816,15.8884,2.4206,13.4678
2018-01-01,BanBif,3.82432160015949,0.0924621950856297,7.96843130999949,13.16,2010.0620865564413,82.8218493156816,15.8884,2.4206,13.4678
2018-01-01,Citibank,0.78310112127806,-4.5166317360249,10.5018619500005,26.06,2010.0620865564413,82.8218493156816,15.8884,2.4206,13.4678
2018-01-01,Comercio,0.58088922251372,-1.9587151757358,3.03227319999984,12.1,2010.0620865564413,82.8218493156816,15.8884,2.4206,13.4678
2018-01-01,Continental,20.9514874304375,-1.69403141461791,114.791138859987,14.35,2010.0620865564413,82.8218493156816,15.8884,2.4206,13.4678
2018-01-01,Crédito,33.1457985080658,-0.100145260164619,294.416494179998,15.22,2010.0620865564413,82.8218493156816,15.8884,2.4206,13.4678
2018-01-01,Falabella,1.3949754310336,-3.76413951162712,6.13297144000005,17.56,2010.0620865564413,82.8218493156816,15.8884,2.4206,13.4678
2018-01-01,Financiero,2.65802666752971,0.194840611552416,4.02245731000117,13.22,2010.0620865564413,82.8218493156816,15.8884,2.4206,13.4678
2018-01-01,GNB,1.6022104906989,0.040061010759751,5.04609447999984,13.74,2010.0620865564413,82.8218493156816,15.8884,2.4206,13.4678
2018-01-01,ICBC,0.0814021756748304,5.98007703711849,-0.893368250000152,59.07,2010.0620865564413,82.8218493156816,15.8884,2.4206,13.4678
2018-01-01,Interbank,11.5664133487447,1.04803796188533,134.660137960005,16.35,2010.0620865564413,82.8218493156816,15.8884,2.4206,13.4678
2018-01-01,MiBanco,3.88209881228971,0.629535167897233,42.2722920799987,14.93,2010.0620865564413,82.8218493156816,15.8884,2.4206,13.4678
2018-01-01,Ripley,0.741304613917833,-2.82917581103718,7.90131553999989,14.31,2010.0620865564413,82.8218493156816,15.8884,2.4206,13.4678
2018-01-01,Santander,1.20926746761813,-1.21638610308236,7.13230751999943,17.35,2010.0620865564413,82.8218493156816,15.8884,2.4206,13.4678
2018-01-01,Scotiabank,17.1581500284336,1.58027806700314,111.1728751,15.07,2010.0620865564413,82.8218493156816,15.8884,2.4206,13.4678
2018-02-01,Azteca,0.15855468375813,-0.681514402940475,0.675698930000016,23.35,2015.790561209764,82.9730600825292,15.6932,2.3446,13.3486
2018-02-01,BanBif,3.86542955591909,0.752424454350753,14.8135535099993,13.0,2015.790561209764,82.9730600825292,15.6932,2.3446,13.3486
2018-02-01,Citibank,0.672480470658199,-9.37152385124271,26.65367316,27.54,2015.790561209764,82.9730600825292,15.6932,2.3446,13.3486
2018-02-01,Comercio,0.568202791516082,-1.75053187618645,5.73691711999985,12.14,2015.790561209764,82.9730600825292,15.6932,2.3446,13.3486
2018-02-01,Continental,20.8006984188715,-1.04600609327363,207.719247909992,14.33,2015.790561209764,82.9730600825292,15.6932,2.3446,13.3486
2018-02-01,Crédito,33.1689110887282,0.1267491285184,519.220235250012,14.98,2015.790561209764,82.9730600825292,15.6932,2.3446,13.3486
2018-02-01,Falabella,1.3467146251119,-3.23353598733718,11.3529420799994,17.67,2015.790561209764,82.9730600825292,15.6932,2.3446,13.3486
2018-02-01,Financiero,2.66128645453101,0.389637456697245,7.08198317999977,13.24,2015.790561209764,82.9730600825292,15.6932,2.3446,13.3486
2018-02-01,GNB,1.58604878598197,-0.264174530126227,8.79903550000016,14.37,2015.790561209764,82.9730600825292,15.6932,2.3446,13.3486
2018-02-01,ICBC,0.0852624213006438,5.23267518214525,-1.72987130000004,46.5,2015.790561209764,82.9730600825292,15.6932,2.3446,13.3486
2018-02-01,Interbank,11.4923159078893,0.414849251736116,203.679714280001,16.35,2015.790561209764,82.9730600825292,15.6932,2.3446,13.3486
2018-02-01,MiBanco,3.88315831812685,0.718173687923906,68.2459433300011,14.84,2015.790561209764,82.9730600825292,15.6932,2.3446,13.3486
2018-02-01,Ripley,0.723545248342852,-2.22609016293608,10.67540485,14.57,2015.790561209764,82.9730600825292,15.6932,2.3446,13.3486
2018-02-01,Santander,1.2118453858496,-0.439401883391211,11.0974077099995,17.35,2015.790561209764,82.9730600825292,15.6932,2.3446,13.3486
2018-02-01,Scotiabank,17.5111346670402,1.96828177144825,201.325264099997,14.77,2015.790561209764,82.9730600825292,15.6932,2.3446,13.3486
2018-03-01,Azteca,0.155972697169453,-0.719615935116258,0.802112479999955,23.49,2016.387027792201,83.1544798844987,15.1135,2.2861,12.8274
2018-03-01,BanBif,3.83930915624161,0.671883346230895,22.9566334900021,13.05,2016.387027792201,83.1544798844987,15.1135,2.2861,12.8274
2018-03-01,Citibank,0.69357734632067,-4.97319498608518,46.6375485999997,26.74,2016.387027792201,83.1544798844987,15.1135,2.2861,12.8274
2018-03-01,Comercio,0.557413685621162,-1.48906354564878,8.92721074999982,12.5,2016.387027792201,83.1544798844987,15.1135,2.2861,12.8274
2018-03-01,Continental,21.0737277489157,0.130739920020195,333.846425509992,14.98,2016.387027792201,83.1544798844987,15.1135,2.2861,12.8274
2018-03-01,Crédito,32.9702150511224,0.293762893797211,848.745758700002,15.91,2016.387027792201,83.1544798844987,15.1135,2.2861,12.8274
2018-03-01,Falabella,1.31444425818153,-2.6801754838861,17.9799104999995,18.48,2016.387027792201,83.1544798844987,15.1135,2.2861,12.8274
2018-03-01,Financiero,2.62194484050915,0.126842405270966,12.4855070800006,13.02,2016.387027792201,83.1544798844987,15.1135,2.2861,12.8274
2018-03-01,GNB,1.51529443439182,-1.32089942117659,20.82111839,14.64,2016.387027792201,83.1544798844987,15.1135,2.2861,12.8274
2018-03-01,ICBC,0.0826216196447162,2.94716443124536,-2.71024027999995,42.8,2016.387027792201,83.1544798844987,15.1135,2.2861,12.8274
2018-03-01,Interbank,11.5450569839539,0.800601315866611,284.199961190003,17.52,2016.387027792201,83.1544798844987,15.1135,2.2861,12.8274
2018-03-01,MiBanco,3.86697703250585,0.624650180201503,110.420534,15.14,2016.387027792201,83.1544798844987,15.1135,2.2861,12.8274
2018-03-01,Ripley,0.708417502873553,-1.90578312727031,15.3188388899998,14.77,2016.387027792201,83.1544798844987,15.1135,2.2861,12.8274
2018-03-01,Santander,1.22411745596484,0.488214631372785,17.5124332899994,17.08,2016.387027792201,83.1544798844987,15.1135,2.2861,12.8274
2018-03-01,Scotiabank,17.5654801005067,1.82472069271884,317.624717730006,15.19,2016.387027792201,83.1544798844987,15.1135,2.2861,12.8274
2018-04-01,Azteca,0.149813655415627,-1.22018696476781,1.92899465999997,24.16,2011.8319219046004,83.13355116803899,14.347,2.2337,12.113299999999999
2018-04-01,BanBif,3.851157788563,0.845764536693761,30.6434489500004,12.91,2011.8319219046004,83.13355116803899,14.347,2.2337,12.113299999999999
2018-04-01,Citibank,0.703019140172102,-3.18821596067249,62.6230792500009,28.32,2011.8319219046004,83.13355116803899,14.347,2.2337,12.113299999999999
2018-04-01,Comercio,0.558919532562579,-0.751883718052049,10.5926092900001,12.47,2011.8319219046004,83.13355116803899,14.347,2.2337,12.113299999999999
2018-04-01,Continental,20.7354496164382,-0.0432686192597287,452.511655909998,15.09,2011.8319219046004,83.13355116803899,14.347,2.2337,12.113299999999999
2018-04-01,Crédito,32.9816289233358,0.486929941343694,1111.50477380002,15.67,2011.8319219046004,83.13355116803899,14.347,2.2337,12.113299999999999
2018-04-01,Falabella,1.28313267355434,-2.29337751573568,22.4704174199999,17.05,2011.8319219046004,83.13355116803899,14.347,2.2337,12.113299999999999
2018-04-01,Financiero,2.65600895290897,0.699530498826961,17.6915673099991,12.72,2011.8319219046004,83.13355116803899,14.347,2.2337,12.113299999999999
2018-04-01,GNB,1.5124650425018,-0.762416254614462,25.3338948400006,14.57,2011.8319219046004,83.13355116803899,14.347,2.2337,12.113299999999999
2018-04-01,ICBC,0.0639879109398849,-3.9558044710433,-3.37953642000012,41.74,2011.8319219046004,83.13355116803899,14.347,2.2337,12.113299999999999
2018-04-01,Interbank,11.7197278975713,1.25948113226839,362.025092720001,16.87,2011.8319219046004,83.13355116803899,14.347,2.2337,12.113299999999999
2018-04-01,MiBanco,3.84566870711211,0.650314908886496,154.886576440002,15.09,2011.8319219046004,83.13355116803899,14.347,2.2337,12.113299999999999
2018-04-01,Ripley,0.699194586354463,-1.43910112115861,18.990063,14.88,2011.8319219046004,83.13355116803899,14.347,2.2337,12.113299999999999
2018-04-01,Santander,1.2757046557645,1.64813870151472,22.5777645099999,16.14,2011.8319219046004,83.13355116803899,14.347,2.2337,12.113299999999999
2018-04-01,Scotiabank,17.6967447306937,1.81797522557103,415.260904149996,14.96,2011.8319219046004,83.13355116803899,14.347,2.2337,12.113299999999999
2018-05-01,Azteca,0.145234988906801,-1.32298728251206,1.96266509999999,24.29,2003.9345616820387,83.024884046623,14.0677,2.1994,11.868300000000001
2018-05-01,BanBif,3.84320600797633,0.856833715259864,41.4810970099994,12.79,2003.9345616820387,83.024884046623,14.0677,2.1994,11.868300000000001
2018-05-01,Citibank,0.807039394002993,0.398921987193845,63.9051495700003,18.23,2003.9345616820387,83.024884046623,14.0677,2.1994,11.868300000000001
2018-05-01,Comercio,0.560234814533418,-0.303099261754469,12.7618033400001,12.47,2003.9345616820387,83.024884046623,14.0677,2.1994,11.868300000000001
2018-05-01,Continental,20.6223173757507,0.077220411754797,588.136084759994,14.94,2003.9345616820387,83.024884046623,14.0677,2.1994,11.868300000000001
2018-05-01,Crédito,32.9094783257438,0.561078306207352,1405.89399657,15.64,2003.9345616820387,83.024884046623,14.0677,2.1994,11.868300000000001
2018-05-01,Falabella,1.28307018850915,-1.57414815549549,28.1774465099997,16.47,2003.9345616820387,83.024884046623,14.0677,2.1994,11.868300000000001
2018-05-01,Financiero,2.67734375063261,0.955916209936802,22.7145643700006,12.29,2003.9345616820387,83.024884046623,14.0677,2.1994,11.868300000000001
2018-05-01,GNB,1.48642823479337,-0.720352697326321,30.5131552800002,14.73,2003.9345616820387,83.024884046623,14.0677,2.1994,11.868300000000001
2018-05-01,ICBC,0.0811669204242258,1.67750078231066,-4.72002606,60.26,2003.9345616820387,83.024884046623,14.0677,2.1994,11.868300000000001
2018-05-01,Interbank,11.8194488822951,1.41100948213526,452.093597030002,17.02,2003.9345616820387,83.024884046623,14.0677,2.1994,11.868300000000001
2018-05-01,MiBanco,3.82024541718212,0.657692335895144,197.859268529999,14.79,2003.9345616820387,83.024884046623,14.0677,2.1994,11.868300000000001
2018-05-01,Ripley,0.694924598336266,-1.00594535810552,24.4862227500002,14.74,2003.9345616820387,83.024884046623,14.0677,2.1994,11.868300000000001
2018-05-01,Santander,1.30373624191225,1.95815704324909,28.8416194400005,15.57,2003.9345616820387,83.024884046623,14.0677,2.1994,11.868300000000001
2018-05-01,Scotiabank,17.6736394628334,1.64552896488002,527.28742988,14.87,2003.9345616820387,83.024884046623,14.0677,2.1994,11.868300000000001
2018-06-01,Azteca,0.141235234863738,-1.4680466694067,2.03677645000007,24.52,1991.8426883566992,82.9175730440452,14.0947,2.26,11.8347
2018-06-01,BanBif,3.86570601244657,0.910193108654167,50.9788878300002,12.71,1991.8426883566992,82.9175730440452,14.0947,2.26,11.8347
2018-06-01,Citibank,0.846614457220845,1.24140362190708,77.8320737600001,16.74,1991.8426883566992,82.9175730440452,14.0947,2.26,11.8347
2018-06-01,Comercio,0.56638389307346,0.0249058977478178,15.7103899399999,12.4,1991.8426883566992,82.9175730440452,14.0947,2.26,11.8347
2018-06-01,Continental,20.8340897208259,0.333504650661154,703.074677110004,14.79,1991.8426883566992,82.9175730440452,14.0947,2.26,11.8347
2018-06-01,Crédito,32.5790869187912,0.397533604582478,1653.42616229,15.07,1991.8426883566992,82.9175730440452,14.0947,2.26,11.8347
2018-06-01,Falabella,1.28464927414381,-1.19804636300882,30.9707692099998,16.28,1991.8426883566992,82.9175730440452,14.0947,2.26,11.8347
2018-06-01,Financiero,2.70658820876469,1.07715326552846,27.9155527999981,12.17,1991.8426883566992,82.9175730440452,14.0947,2.26,11.8347
2018-06-01,GNB,1.4575364118647,-0.828820896417748,31.9884182499991,14.61,1991.8426883566992,82.9175730440452,14.0947,2.26,11.8347
2018-06-01,ICBC,0.101928973089982,5.45342208878739,-4.55026788999999,63.73,1991.8426883566992,82.9175730440452,14.0947,2.26,11.8347
2018-06-01,Interbank,11.8137061819549,1.26477813730377,534.040496639998,16.68,1991.8426883566992,82.9175730440452,14.0947,2.26,11.8347
2018-06-01,MiBanco,3.80583510892049,0.581448881247915,228.26103391,14.79,1991.8426883566992,82.9175730440452,14.0947,2.26,11.8347
2018-06-01,Ripley,0.694013322130843,-0.765105552176026,28.6885293000003,14.7,1991.8426883566992,82.9175730440452,14.0947,2.26,11.8347
2018-06-01,Santander,1.33579834326851,2.14001315289576,34.7710248999996,14.89,1991.8426883566992,82.9175730440452,14.0947,2.26,11.8347
2018-06-01,Scotiabank,17.6906902224732,1.48523896511703,618.051392160001,14.67,1991.8426883566992,82.9175730440452,14.0947,2.26,11.8347
2018-07-01,Azteca,0.136846435838541,-1.66225942981868,2.21916463999998,25.34,1993.0816819978586,82.9068874076868,14.0626,2.2606,11.802
2018-07-01,BanBif,3.85936293400342,0.797130080133268,60.2245614099986,13.02,1993.0816819978586,82.9068874076868,14.0626,2.2606,11.802
2018-07-01,Citibank,0.910554578757732,2.16910561130523,88.3617280300001,17.4,1993.0816819978586,82.9068874076868,14.0626,2.2606,11.802
2018-07-01,Comercio,0.566129993555808,0.0566294046366433,18.2648688800001,12.66,1993.0816819978586,82.9068874076868,14.0626,2.2606,11.802
2018-07-01,Continental,20.6674963246223,0.21122548498953,805.832352230008,14.88,1993.0816819978586,82.9068874076868,14.0626,2.2606,11.802
2018-07-01,Crédito,32.676405949737,0.424675616573422,1947.64688885002,15.23,1993.0816819978586,82.9068874076868,14.0626,2.2606,11.802
2018-07-01,Falabella,1.23489904377532,-1.54292691302595,39.0372028399995,16.73,1993.0816819978586,82.9068874076868,14.0626,2.2606,11.802
2018-07-01,Financiero,2.70980433505183,0.981262927510329,33.0619726499996,12.19,1993.0816819978586,82.9068874076868,14.0626,2.2606,11.802
2018-07-01,GNB,1.45941251067328,-0.651233787695449,36.2066757499997,14.62,1993.0816819978586,82.9068874076868,14.0626,2.2606,11.802
2018-07-01,ICBC,0.127973001845215,8.1611379090923,-6.53827593000008,55.58,1993.0816819978586,82.9068874076868,14.0626,2.2606,11.802
2018-07-01,Interbank,11.8179909583088,1.13058340457513,615.538552199997,16.61,1993.0816819978586,82.9068874076868,14.0626,2.2606,11.802
2018-07-01,MiBanco,3.77995786826132,0.442812400748682,272.507995450002,14.78,1993.0816819978586,82.9068874076868,14.0626,2.2606,11.802
2018-07-01,Ripley,0.689518016295109,-0.706266863336136,34.6867202599999,14.66,1993.0816819978586,82.9068874076868,14.0626,2.2606,11.802
2018-07-01,Santander,1.34098007922446,1.93054248067452,41.8563554800005,14.92,1993.0816819978586,82.9068874076868,14.0626,2.2606,11.802
2018-07-01,Scotiabank,17.7449941750187,1.36058136933224,716.858180640002,14.56,1993.0816819978586,82.9068874076868,14.0626,2.2606,11.802
2018-08-01,Azteca,0.134384952040311,-1.59771657566508,2.39217430000002,,1997.3581218023514,82.75972935871691,14.2242,2.2616,11.9626
2018-08-01,BanBif,3.86823257002154,0.778435377215003,70.9344371199995,12.97,1997.3581218023514,82.75972935871691,14.2242,2.2616,11.9626
2018-08-01,Citibank,1.05875602637429,3.90281215214947,99.6736514100005,16.3,1997.3581218023514,82.75972935871691,14.2242,2.2616,11.9626
2018-08-01,Comercio,0.567785945898593,0.158148748269848,21.1239171799999,12.61,1997.3581218023514,82.75972935871691,14.2242,2.2616,11.9626
2018-08-01,Continental,20.4668245288379,0.115109143272885,926.868995209991,15.02,1997.3581218023514,82.75972935871691,14.2242,2.2616,11.9626
2018-08-01,Crédito,33.004457810532,0.549049294299553,2241.41643071001,15.07,1997.3581218023514,82.75972935871691,14.2242,2.2616,11.9626
2018-08-01,Falabella,1.22170905235129,-1.40227888643096,44.0165654000001,,1997.3581218023514,82.75972935871691,14.2242,2.2616,11.9626
2018-08-01,Financiero,2.72977987794183,1.01124138880115,37.4744956200005,12.53,1997.3581218023514,82.75972935871691,14.2242,2.2616,11.9626
2018-08-01,GNB,1.45141815521427,-0.575124062477284,40.4370192100003,14.44,1997.3581218023514,82.75972935871691,14.2242,2.2616,11.9626
2018-08-01,ICBC,0.133911421311508,7.73482352873507,-5.95377944000002,,1997.3581218023514,82.75972935871691,14.2242,2.2616,11.9626
2018-08-01,Interbank,11.7834690426743,1.01220468902259,693.232036609999,16.53,1997.3581218023514,82.75972935871691,14.2242,2.2616,11.9626
2018-08-01,MiBanco,3.75732715469737,0.394495760058744,314.734931679999,14.76,1997.3581218023514,82.75972935871691,14.2242,2.2616,11.9626
2018-08-01,Ripley,0.693093503837608,-0.471439992332012,43.0889312799998,,1997.3581218023514,82.75972935871691,14.2242,2.2616,11.9626
2018-08-01,Santander,1.34434061512158,1.75590474711647,47.4144572400005,,1997.3581218023514,82.75972935871691,14.2242,2.2616,11.9626
2018-08-01,Scotiabank,17.5049779766727,1.07296879033547,841.749003919996,14.63,1997.3581218023514,82.75972935871691,14.2242,2.2616,11.9626
2018-09-01,Azteca,0.132239824558977,-1.47772938564851,2.46389609999996,25.8,1995.9493880849163,82.9552554393743,14.302,2.2863,12.015699999999999
2018-09-01,BanBif,3.84288233917682,0.737549932020665,80.9279762200003,13.01,1995.9493880849163,82.9552554393743,14.302,2.2863,12.015699999999999
2018-09-01,Citibank,0.957226408158141,2.42929593921788,122.63893303,20.49,1995.9493880849163,82.9552554393743,14.302,2.2863,12.015699999999999
2018-09-01,Comercio,0.564082539349673,0.188119697764466,23.7793528200002,12.57,1995.9493880849163,82.9552554393743,14.302,2.2863,12.015699999999999
2018-09-01,Continental,20.7348290631141,0.363989075472015,1033.25893835999,14.72,1995.9493880849163,82.9552554393743,14.302,2.2863,12.015699999999999
2018-09-01,Crédito,32.7747312757949,0.527005793969715,2510.98970295001,14.94,1995.9493880849163,82.9552554393743,14.302,2.2863,12.015699999999999
2018-09-01,Falabella,1.14801441651995,-1.80841438953904,49.3699215200004,16.7,1995.9493880849163,82.9552554393743,14.302,2.2863,12.015699999999999
2018-09-01,Financiero,2.71955972553679,0.975524316748566,42.5791589400013,12.55,1995.9493880849163,82.9552554393743,14.302,2.2863,12.015699999999999
2018-09-01,GNB,1.46081016461379,-0.320938438893836,43.1588143000007,14.2,1995.9493880849163,82.9552554393743,14.302,2.2863,12.015699999999999
2018-09-01,ICBC,0.138201399597863,7.3463388099285,-5.80588632000006,55.23,1995.9493880849163,82.9552554393743,14.302,2.2863,12.015699999999999
2018-09-01,Interbank,11.969378627981,1.19204645703612,776.991678879998,16.24,1995.9493880849163,82.9552554393743,14.302,2.2863,12.015699999999999
2018-09-01,MiBanco,3.72162564643525,0.366189109379511,351.909766400001,15.1,1995.9493880849163,82.9552554393743,14.302,2.2863,12.015699999999999
2018-09-01,Ripley,0.687548518892324,-0.386852521478842,48.3913854,14.17,1995.9493880849163,82.9552554393743,14.302,2.2863,12.015699999999999
2018-09-01,Santander,1.39127541721135,2.0641753528176,53.1619962899997,14.15,1995.9493880849163,82.9552554393743,14.302,2.2863,12.015699999999999
2018-09-01,Scotiabank,17.4763164724843,1.05573577731004,969.267340419991,14.46,1995.9493880849163,82.9552554393743,14.302,2.2863,12.015699999999999
2018-10-01,Azteca,0.130690249709166,-1.31438254123374,1.83446916000004,25.73,2000.2056657378669,82.91952794910338,14.1619,2.3381,11.823799999999999
2018-10-01,BanBif,3.80151653178406,0.622777372665384,91.3881725100008,13.11,2000.2056657378669,82.91952794910338,14.1619,2.3381,11.823799999999999
2018-10-01,Citibank,0.995869475395798,2.69191104084408,132.551612369999,18.49,2000.2056657378669,82.91952794910338,14.1619,2.3381,11.823799999999999
2018-10-01,Comercio,0.561349455346534,0.23233910385374,26.30253903,12.88,2000.2056657378669,82.91952794910338,14.1619,2.3381,11.823799999999999
2018-10-01,Continental,20.6610808776403,0.362213207836137,1168.68317379001,14.6,2000.2056657378669,82.91952794910338,14.1619,2.3381,11.823799999999999
2018-10-01,Crédito,32.9626383418402,0.595257109945546,2785.50434517,14.68,2000.2056657378669,82.91952794910338,14.1619,2.3381,11.823799999999999
2018-10-01,Falabella,1.12507400415528,-1.69531305267397,54.0218740400003,16.85,2000.2056657378669,82.91952794910338,14.1619,2.3381,11.823799999999999
2018-10-01,Financiero,2.73370322114957,1.01173652411823,44.2782332700001,12.29,2000.2056657378669,82.91952794910338,14.1619,2.3381,11.823799999999999
2018-10-01,GNB,1.44645200865613,-0.295638305785084,47.0931348899993,14.11,2000.2056657378669,82.91952794910338,14.1619,2.3381,11.823799999999999
2018-10-01,ICBC,0.12749905891867,5.71571459761093,-4.34328703000004,58.82,2000.2056657378669,82.91952794910338,14.1619,2.3381,11.823799999999999
2018-10-01,Interbank,11.9439898203178,1.13652081055304,860.774003759993,16.12,2000.2056657378669,82.91952794910338,14.1619,2.3381,11.823799999999999
2018-10-01,MiBanco,3.71125216032551,0.434974043128267,384.277594959999,14.95,2000.2056657378669,82.91952794910338,14.1619,2.3381,11.823799999999999
2018-10-01,Ripley,0.683922174729895,-0.266713808010877,55.51364406,13.7,2000.2056657378669,82.91952794910338,14.1619,2.3381,11.823799999999999
2018-10-01,Santander,1.47693617918279,2.50167503936674,60.6660401799992,13.55,2000.2056657378669,82.91952794910338,14.1619,2.3381,11.823799999999999
2018-10-01,Scotiabank,17.3518189093051,0.951751941579015,1074.49456407,14.26,2000.2056657378669,82.91952794910338,14.1619,2.3381,11.823799999999999
2018-11-01,Azteca,0.130560244820772,-1.13083114020979,1.84483724000003,25.5,1993.559467602764,82.7064656991806,14.2185,2.353,11.8655
2018-11-01,BanBif,3.82003833781922,0.674511435677383,103.03516056,13.09,1993.559467602764,82.7064656991806,14.2185,2.353,11.8655
2018-11-01,Citibank,1.02978295078575,2.83293951901888,144.12491845,18.66,1993.559467602764,82.7064656991806,14.2185,2.353,11.8655
2018-11-01,Comercio,0.558273467575796,0.231774585225164,27.7632911,12.91,1993.559467602764,82.7064656991806,14.2185,2.353,11.8655
2018-11-01,Continental,20.5310770725417,0.333633546857293,1296.76791900001,14.47,1993.559467602764,82.7064656991806,14.2185,2.353,11.8655
2018-11-01,Crédito,33.0241359263454,0.616520422396949,3055.57271192,14.51,1993.559467602764,82.7064656991806,14.2185,2.353,11.8655
2018-11-01,Falabella,1.1226132605324,-1.48856697967413,58.39721643,17.34,1993.559467602764,82.7064656991806,14.2185,2.353,11.8655
2018-11-01,Financiero,2.77336160927338,1.11500660825274,50.0132324399987,12.08,1993.559467602764,82.7064656991806,14.2185,2.353,11.8655
2018-11-01,GNB,1.4429290264733,-0.225687491281223,51.1375608600002,14.05,1993.559467602764,82.7064656991806,14.2185,2.353,11.8655
2018-11-01,ICBC,0.175128818813921,8.32531477694049,-5.78014563000005,48.64,1993.559467602764,82.7064656991806,14.2185,2.353,11.8655
2018-11-01,Interbank,12.0513720638961,1.18068581317359,943.197085559999,16.21,1993.559467602764,82.7064656991806,14.2185,2.353,11.8655
2018-11-01,MiBanco,3.73865787218116,0.537261038806536,420.485526430001,14.72,1993.559467602764,82.7064656991806,14.2185,2.353,11.8655
2018-11-01,Ripley,0.692051672288247,-0.0607603638561383,61.7403723500001,14.91,1993.559467602764,82.7064656991806,14.2185,2.353,11.8655
2018-11-01,Santander,1.51539864760033,2.56027602940547,69.9930399600003,13.17,1993.559467602764,82.7064656991806,14.2185,2.353,11.8655
2018-11-01,Scotiabank,17.0998806363974,0.792353841655458,1172.68376592,14.13,1993.559467602764,82.7064656991806,14.2185,2.353,11.8655
2018-12-01,Azteca,0.131124671346125,-0.966712130336267,2.03738854999998,25.1,2019.3880905170251,82.9164915505222,14.2958,2.3594,11.936399999999999
2018-12-01,BanBif,3.7466518352653,0.633643341376078,116.394804759999,13.35,2019.3880905170251,82.9164915505222,14.2958,2.3594,11.936399999999999
2018-12-01,Citibank,1.01726155704013,2.85466917433128,153.80290476,16.77,2019.3880905170251,82.9164915505222,14.2958,2.3594,11.936399999999999
2018-12-01,Comercio,0.544650779499932,0.139252656648292,30.8493604400001,13.04,2019.3880905170251,82.9164915505222,14.2958,2.3594,11.936399999999999
2018-12-01,Continental,20.0875989443043,0.271117936996546,1476.02242000999,14.95,2019.3880905170251,82.9164915505222,14.2958,2.3594,11.936399999999999
2018-12-01,Crédito,33.7260279715337,0.943118270861287,3341.94003008001,14.17,2019.3880905170251,82.9164915505222,14.2958,2.3594,11.936399999999999
2018-12-01,Falabella,1.13235345507833,-1.28611958970525,67.3962261500004,17.05,2019.3880905170251,82.9164915505222,14.2958,2.3594,11.936399999999999
2018-12-01,Financiero,2.74276831031801,1.1482393799124,51.0130605600009,13.0,2019.3880905170251,82.9164915505222,14.2958,2.3594,11.936399999999999
2018-12-01,GNB,1.40540740872563,-0.336440349488831,51.6532484299992,12.93,2019.3880905170251,82.9164915505222,14.2958,2.3594,11.936399999999999
2018-12-01,ICBC,0.206247667435311,10.0946700263811,-6.52931758999999,43.26,2019.3880905170251,82.9164915505222,14.2958,2.3594,11.936399999999999
2018-12-01,Interbank,12.0505445174751,1.31305850113534,1040.06257269,15.79,2019.3880905170251,82.9164915505222,14.2958,2.3594,11.936399999999999
2018-12-01,MiBanco,3.68709262882239,0.537899683346232,450.7374717,14.35,2019.3880905170251,82.9164915505222,14.2958,2.3594,11.936399999999999
2018-12-01,Ripley,0.708328570283974,0.277588356205061,67.2566694600003,14.64,2019.3880905170251,82.9164915505222,14.2958,2.3594,11.936399999999999
2018-12-01,Santander,1.45914386933094,2.34482501935078,83.7450377399999,13.49,2019.3880905170251,82.9164915505222,14.2958,2.3594,11.936399999999999
2018-12-01,Scotiabank,17.0523201172091,0.900128999493677,1280.65004418,14.64,2019.3880905170251,82.9164915505222,14.2958,2.3594,11.936399999999999
2019-01-01,Azteca,0.132017878787917,-0.551288955911178,0.00581158000001506,25.51,1982.2171025851671,82.63597947893251,14.321,2.4245,11.8965
2019-01-01,BanBif,3.81494225533587,0.964709706988809,10.5082836199996,12.68,1982.2171025851671,82.63597947893251,14.321,2.4245,11.8965
2019-01-01,Citibank,1.05199551238485,2.33355156008646,9.65291099000015,17.02,1982.2171025851671,82.63597947893251,14.321,2.4245,11.8965
2019-01-01,Comercio,0.553595158154172,0.530106723037371,3.09884857999987,13.1,1982.2171025851671,82.63597947893251,14.321,2.4245,11.8965
2019-01-01,Continental,20.2913809787903,0.161334412719216,118.805387960008,15.01,1982.2171025851671,82.63597947893251,14.321,2.4245,11.8965
2019-01-01,Crédito,32.8634882894366,-3.3336114607029,354.560541839993,14.15,1982.2171025851671,82.63597947893251,14.321,2.4245,11.8965
2019-01-01,Falabella,1.12638179186549,-1.74260480032351,7.95176653000004,17.34,1982.2171025851671,82.63597947893251,14.321,2.4245,11.8965
2019-01-01,Financiero,2.82200794751035,1.95537025963726,2.32995108999994,12.54,1982.2171025851671,82.63597947893251,14.321,2.4245,11.8965
2019-01-01,GNB,1.42623684234238,0.521853309831832,5.00323189000027,12.78,1982.2171025851671,82.63597947893251,14.321,2.4245,11.8965
2019-01-01,ICBC,0.196302453575114,-5.17717660370639,-0.651044749999965,42.85,1982.2171025851671,82.63597947893251,14.321,2.4245,11.8965
2019-01-01,Interbank,12.3030876285036,1.1609171918477,78.1118928100066,15.63,1982.2171025851671,82.63597947893251,14.321,2.4245,11.8965
2019-01-01,MiBanco,3.74630287863183,0.371594002900788,29.5082025699983,14.36,1982.2171025851671,82.63597947893251,14.321,2.4245,11.8965
2019-01-01,Ripley,0.707056668463827,-1.40150541146189,8.18025298000002,14.3,1982.2171025851671,82.63597947893251,14.321,2.4245,11.8965
2019-01-01,Santander,1.48102407779385,0.897751868302121,7.49624776999965,13.14,1982.2171025851671,82.63597947893251,14.321,2.4245,11.8965
2019-01-01,Scotiabank,17.178022582202,-0.114427705200371,103.300076289996,14.65,1982.2171025851671,82.63597947893251,14.321,2.4245,11.8965
2019-02-01,Azteca,0.133969436423738,0.135421422750825,-0.410316899999999,25.39,1965.7515195901078,82.48832043377199,14.3586,2.4704,11.8882
2019-02-01,BanBif,3.85455195638333,0.829202341086765,19.1089490199993,13.6,1965.7515195901078,82.48832043377199,14.3586,2.4704,11.8882
2019-02-01,Citibank,1.03452700375964,0.0344968280089564,26.2643567500002,12.6582278481013,1965.7515195901078,82.48832043377199,14.3586,2.4704,11.8882
2019-02-01,Comercio,0.564541986362239,0.978321524781722,4.69052265999996,12.98,1965.7515195901078,82.48832043377199,14.3586,2.4704,11.8882
2019-02-01,Continental,20.0334562559711,-0.725279393564404,219.268788949998,15.23,1965.7515195901078,82.48832043377199,14.3586,2.4704,11.8882
2019-02-01,Crédito,32.6062673197792,-2.21719179732277,624.860096069998,14.26,1965.7515195901078,82.48832043377199,14.3586,2.4704,11.8882
2019-02-01,Falabella,1.12191212384834,-1.38916861001785,14.61619966,,1965.7515195901078,82.48832043377199,14.3586,2.4704,11.8882
2019-02-01,Financiero,2.84931097982917,1.26101086280215,4.74224817000124,12.5,1965.7515195901078,82.48832043377199,14.3586,2.4704,11.8882
2019-02-01,GNB,1.43028758986804,0.191493582044688,10.5104071799993,14.89,1965.7515195901078,82.48832043377199,14.3586,2.4704,11.8882
2019-02-01,ICBC,0.210802650509744,0.927884411947955,-2.43647414999995,38.98,1965.7515195901078,82.48832043377199,14.3586,2.4704,11.8882
2019-02-01,Interbank,12.5911718422006,1.55381531250269,155.284023620009,9.9009900990099,1965.7515195901078,82.48832043377199,14.3586,2.4704,11.8882
2019-02-01,MiBanco,3.79518808827648,0.516390232621666,52.9132580300005,,1965.7515195901078,82.48832043377199,14.3586,2.4704,11.8882
2019-02-01,Ripley,0.705498416564657,-1.13155285811108,12.4897850200001,14.42,1965.7515195901078,82.48832043377199,14.3586,2.4704,11.8882
2019-02-01,Santander,1.50135996109596,1.08010195228647,12.7242909099998,13.31,1965.7515195901078,82.48832043377199,14.3586,2.4704,11.8882
2019-02-01,Scotiabank,17.2574250158211,0.00794984638730067,197.479118070005,8.92857142857143,1965.7515195901078,82.48832043377199,14.3586,2.4704,11.8882
2019-03-01,Azteca,0.133766742460437,0.532149165272799,-0.833331679999967,25.1,2001.823199606683,83.0371949508412,14.4926,2.4184,12.0742
2019-03-01,BanBif,3.79210265461764,0.449946189662342,30.2411434300011,13.87,2001.823199606683,83.0371949508412,14.4926,2.4184,12.0742
2019-03-01,Citibank,0.964065992318398,-1.84641301006343,58.29239366,18.43,2001.823199606683,83.0371949508412,14.4926,2.4184,12.0742
2019-03-01,Comercio,0.559887789399465,0.852734438773428,7.55374713999963,13.32,2001.823199606683,83.0371949508412,14.4926,2.4184,12.0742
2019-03-01,Continental,20.7569298855225,1.14803703422821,355.994750809993,14.82,2001.823199606683,83.0371949508412,14.4926,2.4184,12.0742
2019-03-01,Crédito,32.9809664292091,-0.671823225362289,909.457010620002,15.49,2001.823199606683,83.0371949508412,14.4926,2.4184,12.0742
2019-03-01,Falabella,1.11009651303062,-0.791762495318415,25.46989893,17.47,2001.823199606683,83.0371949508412,14.4926,2.4184,12.0742
2019-03-01,Financiero,2.83096477492784,1.07723115611325,8.08531682999929,12.46,2001.823199606683,83.0371949508412,14.4926,2.4184,12.0742
2019-03-01,GNB,1.40327217562231,-0.056429988769191,15.54792132,14.83,2001.823199606683,83.0371949508412,14.4926,2.4184,12.0742
2019-03-01,ICBC,0.199082555895656,-0.919572808730484,-1.17581784999999,40.76,2001.823199606683,83.0371949508412,14.4926,2.4184,12.0742
2019-03-01,Interbank,12.3891197483786,0.940423993143513,286.660585740004,16.43,2001.823199606683,83.0371949508412,14.4926,2.4184,12.0742
2019-03-01,MiBanco,3.75466662204157,0.476332405661895,88.4552320500003,15.03,2001.823199606683,83.0371949508412,14.4926,2.4184,12.0742
2019-03-01,Ripley,0.696505768912231,-0.692883076979056,18.3847502399996,14.43,2001.823199606683,83.0371949508412,14.4926,2.4184,12.0742
2019-03-01,Santander,1.51839345993269,1.51646826526282,18.9327708900002,13.64,2001.823199606683,83.0371949508412,14.4926,2.4184,12.0742
2019-03-01,Scotiabank,16.910178887731,-0.234013116059029,328.79034073001,14.65,2001.823199606683,83.0371949508412,14.4926,2.4184,12.0742
2019-04-01,Azteca,0.13373075574126,0.497312695859176,-1.42847631000002,24.97,1990.5466354225393,82.99680383054549,14.509,2.4783,12.0307
2019-04-01,BanBif,3.80647736729666,0.563932361955222,41.1414145599987,13.82,1990.5466354225393,82.99680383054549,14.509,2.4783,12.0307
2019-04-01,Citibank,1.01240184072896,-0.0667029187654489,73.6482521300006,18.19,1990.5466354225393,82.99680383054549,14.509,2.4783,12.0307
2019-04-01,Comercio,0.561999129311145,0.849087077184252,9.82224409999988,13.44,1990.5466354225393,82.99680383054549,14.509,2.4783,12.0307
2019-04-01,Continental,20.4347534876817,0.599467536641196,497.991812479994,14.89,1990.5466354225393,82.99680383054549,14.509,2.4783,12.0307
2019-04-01,Crédito,32.7437589620447,-0.557766753070954,1259.2382627,15.44,1990.5466354225393,82.99680383054549,14.509,2.4783,12.0307
2019-04-01,Falabella,1.11307893281831,-0.423393982407105,35.13515357,16.12,1990.5466354225393,82.99680383054549,14.509,2.4783,12.0307
2019-04-01,Financiero,2.83911865754293,1.00318534606036,11.0417527500002,12.41,1990.5466354225393,82.99680383054549,14.509,2.4783,12.0307
2019-04-01,GNB,1.4049077394042,0.106268125848841,20.5716947499991,14.79,1990.5466354225393,82.99680383054549,14.509,2.4783,12.0307
2019-04-01,ICBC,0.205047224530611,0.230218494647838,1.0011087600001,39.68,1990.5466354225393,82.99680383054549,14.509,2.4783,12.0307
2019-04-01,Interbank,12.4261887599087,0.901734409666766,373.522868949996,16.37,1990.5466354225393,82.99680383054549,14.509,2.4783,12.0307
2019-04-01,MiBanco,3.75426588530686,0.459917174540192,119.286868710001,14.79,1990.5466354225393,82.99680383054549,14.509,2.4783,12.0307
2019-04-01,Ripley,0.697909681362292,-0.365707054065001,22.1037938600003,14.32,1990.5466354225393,82.99680383054549,14.509,2.4783,12.0307
2019-04-01,Santander,1.47425895541129,0.537624369487855,25.1685876200002,13.58,1990.5466354225393,82.99680383054549,14.509,2.4783,12.0307
2019-04-01,Scotiabank,17.3921026209104,0.65361490939273,417.299931949993,14.32,1990.5466354225393,82.99680383054549,14.509,2.4783,12.0307
2019-05-01,Azteca,0.134337085629414,0.745615908628405,-2.46886295,24.49,1999.4498030191385,83.1587615224753,14.4781,2.4839,11.9942
2019-05-01,BanBif,3.72989783673427,0.17718606674173,54.0646377100004,13.65,1999.4498030191385,83.1587615224753,14.4781,2.4839,11.9942
2019-05-01,Citibank,0.951598512891973,-1.06789653690214,90.5167318799996,16.48,1999.4498030191385,83.1587615224753,14.4781,2.4839,11.9942
2019-05-01,Comercio,0.565278440413837,1.01027340828383,14.3223030100001,13.4,1999.4498030191385,83.1587615224753,14.4781,2.4839,11.9942
2019-05-01,Continental,20.3587129588372,0.536545316477866,651.061791920018,14.76,1999.4498030191385,83.1587615224753,14.4781,2.4839,11.9942
2019-05-01,Crédito,32.892590064757,-0.232662541234629,1557.05415358002,15.27,1999.4498030191385,83.1587615224753,14.4781,2.4839,11.9942
2019-05-01,Falabella,1.10093999376863,-0.303399605163912,43.29576016,15.97,1999.4498030191385,83.1587615224753,14.4781,2.4839,11.9942
2019-05-01,Financiero,2.85309156625134,1.05951350445006,16.5837114199992,12.3,1999.4498030191385,83.1587615224753,14.4781,2.4839,11.9942
2019-05-01,GNB,1.38369855337205,-0.0469721569478554,25.7854877800001,14.77,1999.4498030191385,83.1587615224753,14.4781,2.4839,11.9942
2019-05-01,ICBC,0.22831122761615,2.33626088769843,2.78237794000016,38.44,1999.4498030191385,83.1587615224753,14.4781,2.4839,11.9942
2019-05-01,Interbank,12.4201811006933,0.873151087931423,465.386967869998,16.23,1999.4498030191385,83.1587615224753,14.4781,2.4839,11.9942
2019-05-01,MiBanco,3.72085809503425,0.442238726998623,153.90887279,14.91,1999.4498030191385,83.1587615224753,14.4781,2.4839,11.9942
2019-05-01,Ripley,0.69680325310542,-0.0692984341311265,26.4010916900006,14.16,1999.4498030191385,83.1587615224753,14.4781,2.4839,11.9942
2019-05-01,Santander,1.47642391270733,0.509086496749922,32.6519368100006,13.2,1999.4498030191385,83.1587615224753,14.4781,2.4839,11.9942
2019-05-01,Scotiabank,17.4872773981878,0.773209076500225,540.204225850005,14.04,1999.4498030191385,83.1587615224753,14.4781,2.4839,11.9942
2019-06-01,Azteca,0.137656273609055,1.01173948151703,0.105792619999943,23.96,1994.270557841184,83.1784812042821,14.589,2.4923,12.0967
2019-06-01,BanBif,3.74036596630715,0.315912071350022,66.1210759800005,13.9,1994.270557841184,83.1784812042821,14.589,2.4923,12.0967
2019-06-01,Citibank,0.967393618874801,-0.599623324210852,106.205057100001,16.35,1994.270557841184,83.1784812042821,14.589,2.4923,12.0967
2019-06-01,Comercio,0.568595823567004,0.968247620365714,17.2656365099999,13.5,1994.270557841184,83.1784812042821,14.589,2.4923,12.0967
2019-06-01,Continental,20.6224276769399,0.782323107745575,790.52849230999,14.56,1994.270557841184,83.1784812042821,14.589,2.4923,12.0967
2019-06-01,Crédito,32.6473280004891,-0.18704670582177,1845.16535706,14.95,1994.270557841184,83.1784812042821,14.589,2.4923,12.0967
2019-06-01,Falabella,1.10418705315167,-0.222455333399074,47.2163246900004,15.92,1994.270557841184,83.1784812042821,14.589,2.4923,12.0967
2019-06-01,Financiero,2.83120485317993,0.844835390192311,22.1443545599989,12.78,1994.270557841184,83.1784812042821,14.589,2.4923,12.0967
2019-06-01,GNB,1.40295862429078,0.268106470697593,30.8413348400009,14.59,1994.270557841184,83.1784812042821,14.589,2.4923,12.0967
2019-06-01,ICBC,0.20995588577667,0.81203406116277,5.47850255999998,43.23,1994.270557841184,83.1784812042821,14.589,2.4923,12.0967
2019-06-01,Interbank,12.4089984397325,0.80061735861412,572.232224909998,16.08,1994.270557841184,83.1784812042821,14.589,2.4923,12.0967
2019-06-01,MiBanco,3.71937874394916,0.345247381760339,181.987992480001,14.86,1994.270557841184,83.1784812042821,14.589,2.4923,12.0967
2019-06-01,Ripley,0.698859388870312,-0.0278363587376429,30.93035339,16.64,1994.270557841184,83.1784812042821,14.589,2.4923,12.0967
2019-06-01,Santander,1.44096256414143,0.234014370108127,45.0336060099998,13.64,1994.270557841184,83.1784812042821,14.589,2.4923,12.0967
2019-06-01,Scotiabank,17.4997270871206,0.76590580182454,682.513560189993,13.91,1994.270557841184,83.1784812042821,14.589,2.4923,12.0967
2019-07-01,Azteca,0.14306839178131,1.49772688224616,0.304981899999934,23.01,2001.9596645842478,83.2132830438959,14.501,2.4655,12.035499999999999
2019-07-01,BanBif,3.72243246526511,0.241938677962805,81.65793711,13.45,2001.9596645842478,83.2132830438959,14.501,2.4655,12.035499999999999
2019-07-01,Citibank,0.903513204627838,-1.41679194876121,127.907739690001,17.2,2001.9596645842478,83.2132830438959,14.501,2.4655,12.035499999999999
2019-07-01,Comercio,0.581442882609552,1.21535891277615,20.1352884100001,13.17,2001.9596645842478,83.2132830438959,14.501,2.4655,12.035499999999999
2019-07-01,Continental,20.2778509517549,0.467591667618894,952.350000200004,14.45,2001.9596645842478,83.2132830438959,14.501,2.4655,12.035499999999999
2019-07-01,Crédito,32.9752573835383,0.0203811618742167,2165.58458804999,14.93,2001.9596645842478,83.2132830438959,14.501,2.4655,12.035499999999999
2019-07-01,Falabella,1.10642733851759,-0.0891921451700028,58.0823304499992,16.13,2001.9596645842478,83.2132830438959,14.501,2.4655,12.035499999999999
2019-07-01,Financiero,2.84043969500034,0.8181063693667,27.6460107800001,12.72,2001.9596645842478,83.2132830438959,14.501,2.4655,12.035499999999999
2019-07-01,GNB,1.39771903635789,0.225456882908004,35.957606260001,14.64,2001.9596645842478,83.2132830438959,14.501,2.4655,12.035499999999999
2019-07-01,ICBC,0.211501008310964,0.801266867623052,5.41696085000005,41.3,2001.9596645842478,83.2132830438959,14.501,2.4655,12.035499999999999
2019-07-01,Interbank,12.5393629113002,0.887659303502519,774.336029790002,16.0,2001.9596645842478,83.2132830438959,14.501,2.4655,12.035499999999999
2019-07-01,MiBanco,3.69242120545459,0.264031201138515,222.708983070001,15.53,2001.9596645842478,83.2132830438959,14.501,2.4655,12.035499999999999
2019-07-01,Ripley,0.686811664087964,-0.199210699037278,38.6956143499998,16.72,2001.9596645842478,83.2132830438959,14.501,2.4655,12.035499999999999
2019-07-01,Santander,1.50094006409095,0.808489631538545,53.15104588,13.51,2001.9596645842478,83.2132830438959,14.501,2.4655,12.035499999999999
2019-07-01,Scotiabank,17.4208117973025,0.631193859744461,840.046961929989,13.38,2001.9596645842478,83.2132830438959,14.501,2.4655,12.035499999999999
2019-08-01,Azteca,0.147430266815085,1.88202411780904,0.747099859999996,22.37,2005.9861627959037,83.357084118986,14.4355,2.4068,12.028699999999999
2019-08-01,BanBif,3.7347452189882,0.332525815628038,99.2918022700003,13.78,2005.9861627959037,83.357084118986,14.4355,2.4068,12.028699999999999
2019-08-01,Citibank,0.800918037435046,-2.5651766754471,151.60748928,18.36,2005.9861627959037,83.357084118986,14.4355,2.4068,12.028699999999999
2019-08-01,Comercio,0.582810972513796,1.24368726526942,23.1629913200001,13.38,2005.9861627959037,83.357084118986,14.4355,2.4068,12.028699999999999
2019-08-01,Continental,20.55885414772,0.664085855471974,1098.14233174001,14.21,2005.9861627959037,83.357084118986,14.4355,2.4068,12.028699999999999
2019-08-01,Crédito,32.8965502083342,0.0585368755070537,2522.45547896003,14.8,2005.9861627959037,83.357084118986,14.4355,2.4068,12.028699999999999
2019-08-01,Falabella,1.10136103800091,0.0524633936823671,66.2778746000004,15.95,2005.9861627959037,83.357084118986,14.4355,2.4068,12.028699999999999
2019-08-01,Financiero,2.81558628923774,0.707637314799969,33.6964404000005,12.73,2005.9861627959037,83.357084118986,14.4355,2.4068,12.028699999999999
2019-08-01,GNB,1.39390785553653,0.279057605226796,40.9651695500004,14.51,2005.9861627959037,83.357084118986,14.4355,2.4068,12.028699999999999
2019-08-01,ICBC,0.20500283706482,0.2661431511779,7.05874893999984,42.28,2005.9861627959037,83.357084118986,14.4355,2.4068,12.028699999999999
2019-08-01,Interbank,12.5190729638149,0.85790943718882,864.769790929993,15.6,2005.9861627959037,83.357084118986,14.4355,2.4068,12.028699999999999
2019-08-01,MiBanco,3.65886945570275,0.303341456698836,253.0722561,15.44,2005.9861627959037,83.357084118986,14.4355,2.4068,12.028699999999999
2019-08-01,Ripley,0.673719457778404,-0.226472693422941,45.40446272,16.48,2005.9861627959037,83.357084118986,14.4355,2.4068,12.028699999999999
2019-08-01,Santander,1.52856445194068,0.934585342405403,67.5461673099999,13.08,2005.9861627959037,83.357084118986,14.4355,2.4068,12.028699999999999
2019-08-01,Scotiabank,17.3826067991169,0.616553168609557,979.276942539997,14.48,2005.9861627959037,83.357084118986,14.4355,2.4068,12.028699999999999
2019-09-01,Azteca,0.152400526325499,2.07824345911631,0.768707819999931,22.15,2005.951408933128,83.40470638600159,14.4193,2.3203,12.099
2019-09-01,BanBif,3.73305570961935,0.335142701762159,116.39394565,13.91,2005.951408933128,83.40470638600159,14.4193,2.3203,12.099
2019-09-01,Citibank,0.769423348811073,-2.68387441863769,178.281226720001,21.13,2005.951408933128,83.40470638600159,14.4193,2.3203,12.099
2019-09-01,Comercio,0.58245903772086,1.13441355268538,26.4650181199999,13.33,2005.951408933128,83.40470638600159,14.4193,2.3203,12.099
2019-09-01,Continental,20.7736371768649,0.751029312558105,1230.78886906,13.95,2005.951408933128,83.40470638600159,14.4193,2.3203,12.099
2019-09-01,Crédito,32.8073387156336,0.0678580045583743,2809.41625668999,15.45,2005.951408933128,83.40470638600159,14.4193,2.3203,12.099
2019-09-01,Falabella,1.09955723319855,0.0596514643172119,71.9479557899996,15.98,2005.951408933128,83.40470638600159,14.4193,2.3203,12.099
2019-09-01,Financiero,2.79164399388391,0.575473002593641,39.4969754099986,12.69,2005.951408933128,83.40470638600159,14.4193,2.3203,12.099
2019-09-01,GNB,1.39078566585928,0.26347994993039,45.9822076999997,14.59,2005.951408933128,83.40470638600159,14.4193,2.3203,12.099
2019-09-01,ICBC,0.191805456228115,-0.442350539982483,7.92015567999996,39.57,2005.951408933128,83.40470638600159,14.4193,2.3203,12.099
2019-09-01,Interbank,12.5464462079038,0.82909551694581,962.942893180003,15.41,2005.951408933128,83.40470638600159,14.4193,2.3203,12.099
2019-09-01,MiBanco,3.67054558374726,0.336626224233583,286.34895972,15.34,2005.951408933128,83.40470638600159,14.4193,2.3203,12.099
2019-09-01,Ripley,0.670038654434463,-0.230970266460417,49.83558944,16.55,2005.951408933128,83.40470638600159,14.4193,2.3203,12.099
2019-09-01,Santander,1.54357840417,0.99666652643926,75.7581768400005,13.57,2005.951408933128,83.40470638600159,14.4193,2.3203,12.099
2019-09-01,Scotiabank,17.2772842855993,0.5230006980258,1097.74591018,14.4,2005.951408933128,83.40470638600159,14.4193,2.3203,12.099
2019-10-01,Azteca,0.156766586259391,-100.0,0.172837540000016,20.47,2025.0802375250325,83.56704788793711,14.2445,2.2823,11.9622
2019-10-01,BanBif,3.69642656106164,0.342218833421515,131.55400304,14.5,2025.0802375250325,83.56704788793711,14.2445,2.2823,11.9622
2019-10-01,Citibank,0.67887993299177,-3.51985070766095,187.79633617,18.84,2025.0802375250325,83.56704788793711,14.2445,2.2823,11.9622
2019-10-01,Comercio,0.583116608089617,1.14847662926367,29.26082831,13.34,2025.0802375250325,83.56704788793711,14.2445,2.2823,11.9622
2019-10-01,Continental,20.4525689777333,0.657901364410973,1352.87269225998,14.5,2025.0802375250325,83.56704788793711,14.2445,2.2823,11.9622
2019-10-01,Crédito,33.3289037532597,0.359858168277172,3090.68659312,15.28,2025.0802375250325,83.56704788793711,14.2445,2.2823,11.9622
2019-10-01,Falabella,1.09566960531838,0.121371815216653,79.5258062699999,15.85,2025.0802375250325,83.56704788793711,14.2445,2.2823,11.9622
2019-10-01,Financiero,2.74731527276692,0.488191690269857,42.8339755300008,12.7,2025.0802375250325,83.56704788793711,14.2445,2.2823,11.9622
2019-10-01,GNB,1.39836327657512,0.416977567133636,48.9845264500011,13.32,2025.0802375250325,83.56704788793711,14.2445,2.2823,11.9622
2019-10-01,ICBC,0.18924139901596,-0.354323826030267,7.82935007000006,44.51,2025.0802375250325,83.56704788793711,14.2445,2.2823,11.9622
2019-10-01,Interbank,12.5690596581516,0.896231453153407,1040.9145862,15.29,2025.0802375250325,83.56704788793711,14.2445,2.2823,11.9622
2019-10-01,MiBanco,3.67136768999685,0.409070693170022,316.104368319999,15.2,2025.0802375250325,83.56704788793711,14.2445,2.2823,11.9622
2019-10-01,Ripley,0.658004023416347,-0.286026853623589,55.9061379700003,16.64,2025.0802375250325,83.56704788793711,14.2445,2.2823,11.9622
2019-10-01,Santander,1.55780115657094,1.15708964680448,83.7302103099995,14.02,2025.0802375250325,83.56704788793711,14.2445,2.2823,11.9622
2019-10-01,Scotiabank,17.2165154987925,0.571941426693368,1253.56667314,14.25,2025.0802375250325,83.56704788793711,14.2445,2.2823,11.9622
2019-11-01,Azteca,0.157841952597092,2.24019818221475,-1.74527949999995,19.72,2022.1078874674438,83.6503384608303,14.192,2.266,11.926
2019-11-01,BanBif,3.67337310356917,0.329584868974853,147.17511457,14.38,2022.1078874674438,83.6503384608303,14.192,2.266,11.926
2019-11-01,Citibank,0.638591339581695,-3.64468915966729,215.01557902,19.8,2022.1078874674438,83.6503384608303,14.192,2.266,11.926
2019-11-01,Comercio,0.581196676609011,1.11916297266756,32.0658595000001,13.38,2022.1078874674438,83.6503384608303,14.192,2.266,11.926
2019-11-01,Continental,20.8505517764536,0.851837733782101,1474.79453976,13.96,2022.1078874674438,83.6503384608303,14.192,2.266,11.926
2019-11-01,Crédito,33.0492035890472,0.324115675591008,3392.58590761003,14.55,2022.1078874674438,83.6503384608303,14.192,2.266,11.926
2019-11-01,Falabella,1.11085102563136,0.355880195886438,85.4368674900004,15.4,2022.1078874674438,83.6503384608303,14.192,2.266,11.926
2019-11-01,Financiero,2.72439648601832,0.453738440496432,48.9068822199998,12.64,2022.1078874674438,83.6503384608303,14.192,2.266,11.926
2019-11-01,GNB,1.35123627061422,0.159531787621181,54.0042433800006,13.63,2022.1078874674438,83.6503384608303,14.192,2.266,11.926
2019-11-01,ICBC,0.213259277127926,0.791698830352527,10.3105109000001,37.93,2022.1078874674438,83.6503384608303,14.192,2.266,11.926
2019-11-01,Interbank,12.497158173312,0.847966359213936,1119.3207687,15.1,2022.1078874674438,83.6503384608303,14.192,2.266,11.926
2019-11-01,MiBanco,3.69248241537328,0.544002546282507,352.370539740001,14.87,2022.1078874674438,83.6503384608303,14.192,2.266,11.926
2019-11-01,Ripley,0.66023292089184,-0.109566148625617,57.9430468799999,16.39,2022.1078874674438,83.6503384608303,14.192,2.266,11.926
2019-11-01,Santander,1.54620007115582,1.02617402389136,94.716128410001,13.8,2022.1078874674438,83.6503384608303,14.192,2.266,11.926
2019-11-01,Scotiabank,17.2534249220175,0.618736828953659,1351.26930991998,14.42,2022.1078874674438,83.6503384608303,14.192,2.266,11.926
2019-12-01,Azteca,0.164180286012804,2.36427994051338,-9.43449565999999,18.43,2014.8546871961673,83.5463113406466,14.0848,2.1952,11.8896
2019-12-01,BanBif,3.69855760260278,0.405928854701587,157.017666839999,14.62,2014.8546871961673,83.5463113406466,14.0848,2.1952,11.8896
2019-12-01,Citibank,0.650148072584362,-3.19119386530899,213.91547066,19.2,2014.8546871961673,83.5463113406466,14.0848,2.1952,11.8896
2019-12-01,Comercio,0.576480610845874,0.95675214726394,34.6186822899998,13.55,2014.8546871961673,83.5463113406466,14.0848,2.1952,11.8896
2019-12-01,Continental,20.6068966529451,0.725204407960978,1609.89965283,14.05,2014.8546871961673,83.5463113406466,14.0848,2.1952,11.8896
2019-12-01,Crédito,33.0274827359442,0.340979777106099,3622.70786971001,14.47,2014.8546871961673,83.5463113406466,14.0848,2.1952,11.8896
2019-12-01,Falabella,1.15058573707337,0.59833161060554,95.1189178399997,15.0,2014.8546871961673,83.5463113406466,14.0848,2.1952,11.8896
2019-12-01,Financiero,2.70187981161843,0.375708513637374,55.3255515699984,12.98,2014.8546871961673,83.5463113406466,14.0848,2.1952,11.8896
2019-12-01,GNB,1.34010193438959,0.0978520815155592,44.0036439400004,14.85,2014.8546871961673,83.5463113406466,14.0848,2.1952,11.8896
2019-12-01,ICBC,0.224380508362412,1.27811118549217,12.3851531300001,37.17,2014.8546871961673,83.5463113406466,14.0848,2.1952,11.8896
2019-12-01,Interbank,12.6776100740782,0.929098941189133,1221.51633615,15.15,2014.8546871961673,83.5463113406466,14.0848,2.1952,11.8896
2019-12-01,MiBanco,3.72639598623405,0.553977976311582,391.76592794,14.45,2014.8546871961673,83.5463113406466,14.0848,2.1952,11.8896
2019-12-01,Ripley,0.681357852720645,0.139886558363211,60.8811575899994,16.06,2014.8546871961673,83.5463113406466,14.0848,2.1952,11.8896
2019-12-01,Santander,1.53962025690899,0.997853893600409,107.84719669,14.27,2014.8546871961673,83.5463113406466,14.0848,2.1952,11.8896
2019-12-01,Scotiabank,17.2343218776791,0.597003205982305,1464.74013733999,14.45,2014.8546871961673,83.5463113406466,14.0848,2.1952,11.8896
2020-01-01,Azteca,0.163998460647677,0.0302777728058645,-2.71015083000011,17.95,2001.6449199033575,83.4281447692934,14.351,2.1571,12.193900000000001
2020-01-01,BanBif,3.76934549686768,1.44845707867123,14.8219212600001,13.72,2001.6449199033575,83.4281447692934,14.351,2.1571,12.193900000000001
2020-01-01,Citibank,0.679193822602283,4.34991609365856,13.5257823500006,18.28,2001.6449199033575,83.4281447692934,14.351,2.1571,12.193900000000001
2020-01-01,Comercio,0.595676504397066,3.28676546383302,2.83249720999967,12.98,2001.6449199033575,83.4281447692934,14.351,2.1571,12.193900000000001
2020-01-01,Continental,20.3705863257922,-1.55903889986925,132.581778760003,14.23,2001.6449199033575,83.4281447692934,14.351,2.1571,12.193900000000001
2020-01-01,Crédito,32.7977873263371,-1.17714952040049,338.344611550009,14.06,2001.6449199033575,83.4281447692934,14.351,2.1571,12.193900000000001
2020-01-01,Falabella,1.14749481271938,-0.129553875916621,5.07228133999955,14.53,2001.6449199033575,83.4281447692934,14.351,2.1571,12.193900000000001
2020-01-01,Financiero,2.69608493349482,-0.524937904169254,2.78945275000022,12.76,2001.6449199033575,83.4281447692934,14.351,2.1571,12.193900000000001
2020-01-01,GNB,1.32533959094259,-1.33334726787846,5.12970159999909,15.02,2001.6449199033575,83.4281447692934,14.351,2.1571,12.193900000000001
2020-01-01,ICBC,0.213918888591577,-5.766875086147,2.62319090000015,38.48,2001.6449199033575,83.4281447692934,14.351,2.1571,12.193900000000001
2020-01-01,Interbank,12.8107181619765,0.704098102099393,87.9612226499959,14.88,2001.6449199033575,83.4281447692934,14.351,2.1571,12.193900000000001
2020-01-01,MiBanco,3.75406681356371,0.875375100031062,30.0218463500014,13.84,2001.6449199033575,83.4281447692934,14.351,2.1571,12.193900000000001
2020-01-01,Ripley,0.669388284996803,-1.6180213095993,5.30766390000014,14.88,2001.6449199033575,83.4281447692934,14.351,2.1571,12.193900000000001
2020-01-01,Santander,1.55734762188306,0.258833264084979,7.29090794999978,13.33,2001.6449199033575,83.4281447692934,14.351,2.1571,12.193900000000001
2020-01-01,Scotiabank,17.4490529551876,0.863396957015605,147.630954289995,14.08,2001.6449199033575,83.4281447692934,14.351,2.1571,12.193900000000001
2020-02-01,Azteca,0.16187684208748,-0.0845982083056418,-6.95968016999996,17.41,2009.7198751247333,83.4920953030999,14.2166,2.1403,12.0763
2020-02-01,BanBif,3.76715104155742,0.881383795168578,26.8991151100002,13.78,2009.7198751247333,83.4920953030999,14.2166,2.1403,12.0763
2020-02-01,Citibank,0.742379658440481,7.2551202386852,28.9272988299997,17.42,2009.7198751247333,83.4920953030999,14.2166,2.1403,12.0763
2020-02-01,Comercio,0.596935887803296,2.19341652682106,5.08457928999994,12.81,2009.7198751247333,83.4920953030999,14.2166,2.1403,12.0763
2020-02-01,Continental,20.5082880994629,-0.248676270772874,248.227511200005,14.17,2009.7198751247333,83.4920953030999,14.2166,2.1403,12.0763
2020-02-01,Crédito,32.9488563810255,-0.188050576723753,638.427398249981,13.86,2009.7198751247333,83.4920953030999,14.2166,2.1403,12.0763
2020-02-01,Falabella,1.14301653987319,0.290373894049401,11.1844637200004,14.5,2009.7198751247333,83.4920953030999,14.2166,2.1403,12.0763
2020-02-01,Financiero,2.64324088191064,-0.958140961936138,4.89511118000001,12.69,2009.7198751247333,83.4920953030999,14.2166,2.1403,12.0763
2020-02-01,GNB,1.31907288234218,-0.582129809358889,10.348231900001,15.46,2009.7198751247333,83.4920953030999,14.2166,2.1403,12.0763
2020-02-01,ICBC,0.220714523305487,-1.57965755082203,10.7695292299999,38.38,2009.7198751247333,83.4920953030999,14.2166,2.1403,12.0763
2020-02-01,Interbank,12.7211098086547,0.263400681498283,176.691366139997,14.87,2009.7198751247333,83.4920953030999,14.2166,2.1403,12.0763
2020-02-01,MiBanco,3.73575779537711,0.740070943324889,58.2707704599999,13.71,2009.7198751247333,83.4920953030999,14.2166,2.1403,12.0763
2020-02-01,Ripley,0.657045429793828,-1.18778197380556,9.75749529999999,15.13,2009.7198751247333,83.4920953030999,14.2166,2.1403,12.0763
2020-02-01,Santander,1.52071321440911,-1.12018395233282,15.65929886,14.03,2009.7198751247333,83.4920953030999,14.2166,2.1403,12.0763
2020-02-01,Scotiabank,17.3138410139568,0.281204047910988,259.554213969999,13.98,2009.7198751247333,83.4920953030999,14.2166,2.1403,12.0763
2020-03-01,Azteca,0.16054914542386,0.304982125530118,-8.98442259000003,16.7,2041.371527782795,83.6356863921122,14.0555,2.0994,11.9561
2020-03-01,BanBif,3.84542415877752,1.96042978151947,31.847232199999,13.65,2041.371527782795,83.6356863921122,14.0555,2.0994,11.9561
2020-03-01,Citibank,0.751389580885366,5.87312908330728,60.1350106300011,18.5,2041.371527782795,83.6356863921122,14.0555,2.0994,11.9561
2020-03-01,Comercio,0.579587450926054,1.12693257233434,8.56888303000005,13.21,2041.371527782795,83.6356863921122,14.0555,2.0994,11.9561
2020-03-01,Continental,20.7030535410404,0.827693813229735,380.483702870003,14.01,2041.371527782795,83.6356863921122,14.0555,2.0994,11.9561
2020-03-01,Crédito,33.6379684676666,1.2320542657968,650.438046340009,13.52,2041.371527782795,83.6356863921122,14.0555,2.0994,11.9561
2020-03-01,Falabella,1.10421337990379,-0.321853093498514,11.8297582100006,14.92,2041.371527782795,83.6356863921122,14.0555,2.0994,11.9561
2020-03-01,Financiero,2.54640861918416,-1.20854719001454,5.95393784000132,12.99,2041.371527782795,83.6356863921122,14.0555,2.0994,11.9561
2020-03-01,GNB,1.29440958368278,-0.357285096899651,14.92633777,15.56,2041.371527782795,83.6356863921122,14.0555,2.0994,11.9561
2020-03-01,ICBC,0.210593311554439,-1.8595208153212,10.5997857499999,38.74,2041.371527782795,83.6356863921122,14.0555,2.0994,11.9561
2020-03-01,Interbank,12.315815719446,-0.226058039435872,231.886683130007,16.12,2041.371527782795,83.6356863921122,14.0555,2.0994,11.9561
2020-03-01,MiBanco,3.63049539007005,0.175102088062773,63.1573054399994,14.02,2041.371527782795,83.6356863921122,14.0555,2.0994,11.9561
2020-03-01,Ripley,0.644923093933994,-0.778818128036074,10.2944011400001,15.24,2041.371527782795,83.6356863921122,14.0555,2.0994,11.9561
2020-03-01,Santander,1.59631989354583,1.61206759221932,26.9274695699999,13.53,2041.371527782795,83.6356863921122,14.0555,2.0994,11.9561
2020-03-01,Scotiabank,16.9788486639592,0.202385685422302,328.221669460014,14.67,2041.371527782795,83.6356863921122,14.0555,2.0994,11.9561
2020-04-01,Azteca,0.159359833475073,0.136883021789824,-9.56966120999995,16.28,2047.994212481,83.6991965600506,13.3643,1.9517,11.4126
2020-04-01,BanBif,3.81625504513249,1.51184179846318,39.4354193500002,13.87,2047.994212481,83.6991965600506,13.3643,1.9517,11.4126
2020-04-01,Citibank,0.778259940101392,5.47520567324804,78.1555846999988,21.29,2047.994212481,83.6991965600506,13.3643,1.9517,11.4126
2020-04-01,Comercio,0.574372528011451,0.750687965861396,11.1052090500002,13.64,2047.994212481,83.6991965600506,13.3643,1.9517,11.4126
2020-04-01,Continental,20.3842775872817,0.457378989647927,400.67215759,14.04,2047.994212481,83.6991965600506,13.3643,1.9517,11.4126
2020-04-01,Crédito,33.8617668690132,1.3442909214425,691.859897010009,14.52,2047.994212481,83.6991965600506,13.3643,1.9517,11.4126
2020-04-01,Falabella,1.01263213417896,-2.2851185153236,9.8335503600001,15.88,2047.994212481,83.6991965600506,13.3643,1.9517,11.4126
2020-04-01,Financiero,2.49328955054919,-1.23447538147159,7.00724471999989,13.36,2047.994212481,83.6991965600506,13.3643,1.9517,11.4126
2020-04-01,GNB,1.2744230096698,-0.475169962151989,16.7235559000003,15.74,2047.994212481,83.6991965600506,13.3643,1.9517,11.4126
2020-04-01,ICBC,0.262253286196415,4.52369147476468,9.49958767999983,34.9,2047.994212481,83.6991965600506,13.3643,1.9517,11.4126
2020-04-01,Interbank,12.3659195755229,0.136915340797072,232.232402689999,14.95,2047.994212481,83.6991965600506,13.3643,1.9517,11.4126
2020-04-01,MiBanco,3.66434164186291,0.460702502148402,65.9734458299988,14.03,2047.994212481,83.6991965600506,13.3643,1.9517,11.4126
2020-04-01,Ripley,0.626273305509754,-1.21823929905723,7.62493763999985,15.75,2047.994212481,83.6991965600506,13.3643,1.9517,11.4126
2020-04-01,Santander,1.63934316526194,2.21842069497384,32.9297937800005,13.53,2047.994212481,83.6991965600506,13.3643,1.9517,11.4126
2020-04-01,Scotiabank,17.0872325282328,0.529712408533078,346.737268210013,14.88,2047.994212481,83.6991965600506,13.3643,1.9517,11.4126
2020-05-01,Azteca,0.145966158468291,-0.249933184706264,-11.3729488699999,16.26,2109.2789349676295,84.33909108551671,12.7823,1.7423,11.04
2020-05-01,BanBif,3.80519879541561,2.4797261894461,47.0296128000039,13.88,2109.2789349676295,84.33909108551671,12.7823,1.7423,11.04
2020-05-01,Citibank,0.695558373175539,3.44887568756871,94.0293081100004,24.88,2109.2789349676295,84.33909108551671,12.7823,1.7423,11.04
2020-05-01,Comercio,0.53864491474611,0.687449176393784,13.5330247599999,13.64,2109.2789349676295,84.33909108551671,12.7823,1.7423,11.04
2020-05-01,Continental,19.741256426363,1.04279583652283,425.339512389996,14.2,2109.2789349676295,84.33909108551671,12.7823,1.7423,11.04
2020-05-01,Crédito,35.1943577333162,3.20887317802994,727.480384609994,14.64,2109.2789349676295,84.33909108551671,12.7823,1.7423,11.04
2020-05-01,Falabella,0.907979503469078,-2.60082248189384,-9.81282496999996,16.19,2109.2789349676295,84.33909108551671,12.7823,1.7423,11.04
2020-05-01,Financiero,2.54519950463299,0.76145959385463,8.58819401999852,13.1,2109.2789349676295,84.33909108551671,12.7823,1.7423,11.04
2020-05-01,GNB,1.18198398027626,-0.556416684422956,18.5440134600004,16.01,2109.2789349676295,84.33909108551671,12.7823,1.7423,11.04
2020-05-01,ICBC,0.239424945023053,2.92683328298848,15.6282162300003,38.13,2109.2789349676295,84.33909108551671,12.7823,1.7423,11.04
2020-05-01,Interbank,12.4917379616688,1.65709657842452,234.120313000005,14.75,2109.2789349676295,84.33909108551671,12.7823,1.7423,11.04
2020-05-01,MiBanco,3.47849570886463,0.723998090970612,69.2515973300008,15.91,2109.2789349676295,84.33909108551671,12.7823,1.7423,11.04
2020-05-01,Ripley,0.569051980273463,-1.4895516124576,6.12663469999997,15.92,2109.2789349676295,84.33909108551671,12.7823,1.7423,11.04
2020-05-01,Santander,1.55340505013837,1.93866121291828,42.15054799,13.61,2109.2789349676295,84.33909108551671,12.7823,1.7423,11.04
2020-05-01,Scotiabank,16.9117389641687,1.54454644220989,359.270833540005,14.88,2109.2789349676295,84.33909108551671,12.7823,1.7423,11.04
2020-06-01,Azteca,0.137278310058234,-1.08474202853684,-11.12034805,16.96,2093.4307533445717,84.54479112752401,12.4427,1.4927,10.950000000000001
2020-06-01,BanBif,3.78089439744301,1.93160138938935,51.3474663599988,13.88,2093.4307533445717,84.54479112752401,12.4427,1.4927,10.950000000000001
2020-06-01,Citibank,0.622308952059621,1.06837261122243,101.627984549999,23.68,2093.4307533445717,84.54479112752401,12.4427,1.4927,10.950000000000001
2020-06-01,Comercio,0.545080277107479,0.873938630734261,16.5979530999998,13.81,2093.4307533445717,84.54479112752401,12.4427,1.4927,10.950000000000001
2020-06-01,Continental,20.6971187094967,1.67536103660177,458.8828357,14.07,2093.4307533445717,84.54479112752401,12.4427,1.4927,10.950000000000001
2020-06-01,Crédito,34.4307230107008,2.28163020916241,742.348194880013,14.8,2093.4307533445717,84.54479112752401,12.4427,1.4927,10.950000000000001
2020-06-01,Falabella,0.866342423008869,-2.79843256088783,-22.69022345,16.1,2093.4307533445717,84.54479112752401,12.4427,1.4927,10.950000000000001
2020-06-01,Financiero,2.53013915999554,0.566598338413615,10.2250891400013,13.55,2093.4307533445717,84.54479112752401,12.4427,1.4927,10.950000000000001
2020-06-01,GNB,1.16141690571434,-0.723886493386161,20.4146139699998,16.31,2093.4307533445717,84.54479112752401,12.4427,1.4927,10.950000000000001
2020-06-01,ICBC,0.258099215830695,3.43228163387481,20.09500739,35.17,2093.4307533445717,84.54479112752401,12.4427,1.4927,10.950000000000001
2020-06-01,Interbank,12.6159080768124,1.58222435329309,239.355951109994,14.68,2093.4307533445717,84.54479112752401,12.4427,1.4927,10.950000000000001
2020-06-01,MiBanco,3.43815369443102,0.546390283885234,70.283683080001,15.94,2093.4307533445717,84.54479112752401,12.4427,1.4927,10.950000000000001
2020-06-01,Ripley,0.545591048366924,-1.79540769487286,-3.85128703000009,16.09,2093.4307533445717,84.54479112752401,12.4427,1.4927,10.950000000000001
2020-06-01,Santander,1.56990448846026,1.65722546629543,49.5015729499992,13.27,2093.4307533445717,84.54479112752401,12.4427,1.4927,10.950000000000001
2020-06-01,Scotiabank,16.8010413305141,1.18194083494521,367.508100569993,14.95,2093.4307533445717,84.54479112752401,12.4427,1.4927,10.950000000000001
2020-07-01,Azteca,0.130724149683915,-1.46897883267678,-14.10913442,17.13,2088.2600124337337,84.7105025020074,12.2887,1.3048,10.9839
2020-07-01,BanBif,3.68724158940362,1.46096290721531,55.7713212900011,14.1,2088.2600124337337,84.7105025020074,12.2887,1.3048,10.9839
2020-07-01,Citibank,0.616625200077847,0.911887249251508,115.87262189,23.35,2088.2600124337337,84.7105025020074,12.2887,1.3048,10.9839
2020-07-01,Comercio,0.532751876165002,0.597783371561667,18.6112128299999,14.02,2088.2600124337337,84.7105025020074,12.2887,1.3048,10.9839
2020-07-01,Continental,21.2051646419885,1.97075991893612,502.014213910016,14.26,2088.2600124337337,84.7105025020074,12.2887,1.3048,10.9839
2020-07-01,Crédito,34.0399327575113,1.96791238139298,760.19072489998,15.11,2088.2600124337337,84.7105025020074,12.2887,1.3048,10.9839
2020-07-01,Falabella,0.840414828946416,-2.67654468054286,-27.8975174699996,15.88,2088.2600124337337,84.7105025020074,12.2887,1.3048,10.9839
2020-07-01,Financiero,2.5271329560297,0.629880854011589,11.6784843799993,13.45,2088.2600124337337,84.7105025020074,12.2887,1.3048,10.9839
2020-07-01,GNB,1.13129660350557,-0.824637294456843,23.5646368799988,16.91,2088.2600124337337,84.7105025020074,12.2887,1.3048,10.9839
2020-07-01,ICBC,0.256735603421388,3.05514267982279,20.3705319099999,34.19,2088.2600124337337,84.7105025020074,12.2887,1.3048,10.9839
2020-07-01,Interbank,12.7381708720004,1.6651831029812,244.579895220006,16.46,2088.2600124337337,84.7105025020074,12.2887,1.3048,10.9839
2020-07-01,MiBanco,3.55215580027383,1.09335104837049,71.5061363299991,17.17,2088.2600124337337,84.7105025020074,12.2887,1.3048,10.9839
2020-07-01,Ripley,0.527347852341972,-1.86724356027513,-7.79278655000001,16.29,2088.2600124337337,84.7105025020074,12.2887,1.3048,10.9839
2020-07-01,Santander,1.48707103814339,0.825177771841967,60.2006377899996,14.13,2088.2600124337337,84.7105025020074,12.2887,1.3048,10.9839
2020-07-01,Scotiabank,16.7272342305072,1.11815139406917,368.087656449991,15.18,2088.2600124337337,84.7105025020074,12.2887,1.3048,10.9839
2020-08-01,Azteca,0.122793411593381,-1.95016964812134,-19.64958535,17.08,2095.4754561499863,84.6680786238698,12.3435,1.1994,11.1441
2020-08-01,BanBif,3.70742353833712,1.43285151496433,59.9860875699985,13.9,2095.4754561499863,84.6680786238698,12.3435,1.1994,11.1441
2020-08-01,Citibank,0.565485863386319,-0.211422733354816,121.924806830002,23.46,2095.4754561499863,84.6680786238698,12.3435,1.1994,11.1441
2020-08-01,Comercio,0.535157503375703,0.68969012724085,21.28198768,14.03,2095.4754561499863,84.6680786238698,12.3435,1.1994,11.1441
2020-08-01,Continental,21.3006466744244,1.88490036786673,553.205291329979,14.46,2095.4754561499863,84.6680786238698,12.3435,1.1994,11.1441
2020-08-01,Crédito,34.2506661109723,1.90018006286214,771.092643969969,15.32,2095.4754561499863,84.6680786238698,12.3435,1.1994,11.1441
2020-08-01,Falabella,0.814031328437464,-2.62967825425557,-36.4575809899997,15.75,2095.4754561499863,84.6680786238698,12.3435,1.1994,11.1441
2020-08-01,Financiero,2.58126396781801,0.907204777983361,12.6195328200003,13.26,2095.4754561499863,84.6680786238698,12.3435,1.1994,11.1441
2020-08-01,GNB,1.10343887276401,-0.936086638298994,26.3700108200009,17.23,2095.4754561499863,84.6680786238698,12.3435,1.1994,11.1441
2020-08-01,ICBC,0.23686410605043,1.71967589167814,21.6846105599999,37.84,2095.4754561499863,84.6680786238698,12.3435,1.1994,11.1441
2020-08-01,Interbank,12.8625427744832,1.68191942484632,249.413512739997,16.6,2095.4754561499863,84.6680786238698,12.3435,1.1994,11.1441
2020-08-01,MiBanco,3.69293699046906,1.55705574887917,72.8226764000006,17.68,2095.4754561499863,84.6680786238698,12.3435,1.1994,11.1441
2020-08-01,Ripley,0.508610438702663,-1.97398680879395,-11.0720264200004,16.43,2095.4754561499863,84.6680786238698,12.3435,1.1994,11.1441
2020-08-01,Santander,1.46391535519598,0.604555794212658,70.2259516000001,14.22,2095.4754561499863,84.6680786238698,12.3435,1.1994,11.1441
2020-08-01,Scotiabank,16.2542230639899,0.713176000040527,383.137797360002,15.53,2095.4754561499863,84.6680786238698,12.3435,1.1994,11.1441
2020-09-01,Azteca,0.117070323255611,-2.27310791758181,-25.41346714,16.74,2101.4243754500794,84.6304417828961,12.4423,1.1513,11.291
2020-09-01,BanBif,3.71461600101341,1.22610774954366,62.2329447800018,13.67,2101.4243754500794,84.6304417828961,12.4423,1.1513,11.291
2020-09-01,Citibank,0.545165856830157,-0.675150553629644,131.55377915,21.29,2101.4243754500794,84.6304417828961,12.4423,1.1513,11.291
2020-09-01,Comercio,0.548182328070614,0.857676568049315,22.6014435300003,13.93,2101.4243754500794,84.6304417828961,12.4423,1.1513,11.291
2020-09-01,Continental,21.523096918064,1.73493289481683,557.843505229996,14.45,2101.4243754500794,84.6304417828961,12.4423,1.1513,11.291
2020-09-01,Crédito,34.3784972902896,1.67157116818448,785.692454489996,15.39,2101.4243754500794,84.6304417828961,12.4423,1.1513,11.291
2020-09-01,Falabella,0.802641229037242,-2.51184011453397,-55.8310432699999,15.16,2101.4243754500794,84.6304417828961,12.4423,1.1513,11.291
2020-09-01,Financiero,2.59701852068284,0.828278120410331,13.4399334099989,13.07,2101.4243754500794,84.6304417828961,12.4423,1.1513,11.291
2020-09-01,GNB,1.09754070962451,-0.93642741641129,26.5737529299997,17.13,2101.4243754500794,84.6304417828961,12.4423,1.1513,11.291
2020-09-01,ICBC,0.226729428257768,0.897898907972938,24.8115394900001,38.72,2101.4243754500794,84.6304417828961,12.4423,1.1513,11.291
2020-09-01,Interbank,12.9511294056794,1.52208689953022,252.920940689999,16.97,2101.4243754500794,84.6304417828961,12.4423,1.1513,11.291
2020-09-01,MiBanco,3.77279727524746,1.60492377145998,73.9280531399993,17.68,2101.4243754500794,84.6304417828961,12.4423,1.1513,11.291
2020-09-01,Ripley,0.501683838298665,-1.92422285914318,-20.6410484099998,16.44,2101.4243754500794,84.6304417828961,12.4423,1.1513,11.291
2020-09-01,Santander,1.44611270678569,0.295523670253206,82.7746165199998,14.24,2101.4243754500794,84.6304417828961,12.4423,1.1513,11.291
2020-09-01,Scotiabank,15.7777181688631,0.241355258465026,383.775992749988,16.07,2101.4243754500794,84.6304417828961,12.4423,1.1513,11.291
2020-10-01,Azteca,0.111862309067288,-2.45882678103695,-30.80790599,17.52,2099.1954882638747,84.57375316624768,12.4984,1.1065,11.3919
2020-10-01,BanBif,3.68078010983927,1.04176184574927,66.3648112099945,13.72,2099.1954882638747,84.57375316624768,12.4984,1.1065,11.3919
2020-10-01,Citibank,0.542818312561363,-0.658453336532827,144.305923040001,22.07,2099.1954882638747,84.57375316624768,12.4984,1.1065,11.3919
2020-10-01,Comercio,0.550715111446389,0.852237641922171,22.9245498899999,13.74,2099.1954882638747,84.57375316624768,12.4984,1.1065,11.3919
2020-10-01,Continental,21.5624775841471,1.60180913122008,573.953393099986,13.83,2099.1954882638747,84.57375316624768,12.4984,1.1065,11.3919
2020-10-01,Crédito,34.3399754890068,1.51487496540095,801.395429409986,15.24,2099.1954882638747,84.57375316624768,12.4984,1.1065,11.3919
2020-10-01,Falabella,0.796779428310244,-2.30106685028612,-67.8227529200002,14.85,2099.1954882638747,84.57375316624768,12.4984,1.1065,11.3919
2020-10-01,Financiero,2.61136073377539,0.826522286544495,5.23738040999994,14.04,2099.1954882638747,84.57375316624768,12.4984,1.1065,11.3919
2020-10-01,GNB,1.07402762857071,-1.02543983759839,27.4961171700011,17.37,2099.1954882638747,84.57375316624768,12.4984,1.1065,11.3919
2020-10-01,ICBC,0.209998852733016,0.0241477128649192,25.8750435499999,40.52,2099.1954882638747,84.57375316624768,12.4984,1.1065,11.3919
2020-10-01,Interbank,12.9653848853546,1.39756056768403,254.209326180004,16.93,2099.1954882638747,84.57375316624768,12.4984,1.1065,11.3919
2020-10-01,MiBanco,3.87225470688259,1.74307876895712,75.0428778399996,17.26,2099.1954882638747,84.57375316624768,12.4984,1.1065,11.3919
2020-10-01,Ripley,0.493906479214881,-1.85263519814352,-55.3060179199998,16.63,2099.1954882638747,84.57375316624768,12.4984,1.1065,11.3919
2020-10-01,Santander,1.48174316135118,0.498732966621929,95.2738190499998,14.1,2099.1954882638747,84.57375316624768,12.4984,1.1065,11.3919
2020-10-01,Scotiabank,15.7059152077392,0.196455890514002,334.397260939991,16.29,2099.1954882638747,84.57375316624768,12.4984,1.1065,11.3919
2020-11-01,Azteca,0.10643226017399,-2.68856912136449,-41.44671441,16.4,2101.897287637943,84.5112721599988,12.3737,1.0603,11.3134
2020-11-01,BanBif,3.71267946932862,1.01367498518599,66.5766017100005,13.52,2101.897287637943,84.5112721599988,12.3737,1.0603,11.3134
2020-11-01,Citibank,0.521567935890939,-0.961716907296906,150.66261291,24.8,2101.897287637943,84.5112721599988,12.3737,1.0603,11.3134
2020-11-01,Comercio,0.551435657392308,0.780941576535898,22.9919262100004,13.84,2101.897287637943,84.5112721599988,12.3737,1.0603,11.3134
2020-11-01,Continental,21.5163589307327,1.43057692385338,601.943010689995,13.91,2101.897287637943,84.5112721599988,12.3737,1.0603,11.3134
2020-11-01,Crédito,34.4469589798821,1.40255800488187,818.76487375999,15.17,2101.897287637943,84.5112721599988,12.3737,1.0603,11.3134
2020-11-01,Falabella,0.8049852210865,-2.01236838631091,-80.1772879399997,14.11,2101.897287637943,84.5112721599988,12.3737,1.0603,11.3134
2020-11-01,Financiero,2.63311412495591,0.821826629876132,-4.76315799000047,13.62,2101.897287637943,84.5112721599988,12.3737,1.0603,11.3134
2020-11-01,GNB,1.04885367225426,-1.1476838003959,28.4593864400003,16.57,2101.897287637943,84.5112721599988,12.3737,1.0603,11.3134
2020-11-01,ICBC,0.210632445383719,0.0172203541959348,28.8665156199997,39.34,2101.897287637943,84.5112721599988,12.3737,1.0603,11.3134
2020-11-01,Interbank,12.9006646192355,1.21928454814844,256.184541849995,17.04,2101.897287637943,84.5112721599988,12.3737,1.0603,11.3134
2020-11-01,MiBanco,3.9532581451189,1.76502102023781,76.1762093100021,16.96,2101.897287637943,84.5112721599988,12.3737,1.0603,11.3134
2020-11-01,Ripley,0.489489144997293,-1.77550263095907,-83.13420156,15.49,2101.897287637943,84.5112721599988,12.3737,1.0603,11.3134
2020-11-01,Santander,1.45627976341866,0.294491551779497,105.95160784,14.15,2101.897287637943,84.5112721599988,12.3737,1.0603,11.3134
2020-11-01,Scotiabank,15.6472896301485,0.13590303028812,276.811672169992,16.45,2101.897287637943,84.5112721599988,12.3737,1.0603,11.3134
2020-12-01,Azteca,0.102692144153712,-2.78213064284892,-52.85319468,18.41,2109.6211656326795,84.628496822485,12.101,1.01,11.091000000000001
2020-12-01,BanBif,3.71474787975341,0.898806510877659,63.8822356999989,14.01,2109.6211656326795,84.628496822485,12.101,1.01,11.091000000000001
2020-12-01,Citibank,0.451197746783369,-2.16501220227319,161.75349902,26.25,2109.6211656326795,84.628496822485,12.101,1.01,11.091000000000001
2020-12-01,Comercio,0.544097708673997,0.575742847538763,23.3482424,13.56,2109.6211656326795,84.628496822485,12.101,1.01,11.091000000000001
2020-12-01,Continental,21.6472950153054,1.33041185676714,655.135690410006,13.68,2109.6211656326795,84.628496822485,12.101,1.01,11.091000000000001
2020-12-01,Crédito,34.4961121540983,1.25914566447507,832.889233400029,14.93,2109.6211656326795,84.628496822485,12.101,1.01,11.091000000000001
2020-12-01,Falabella,0.823608199091799,-1.68364993505288,-90.30052795,13.78,2109.6211656326795,84.628496822485,12.101,1.01,11.091000000000001
2020-12-01,Financiero,2.63409552536669,0.725142224012898,-18.0161850799994,12.83,2109.6211656326795,84.628496822485,12.101,1.01,11.091000000000001
2020-12-01,GNB,1.0162126996861,-1.34148607653041,5.10370500000005,17.44,2109.6211656326795,84.628496822485,12.101,1.01,11.091000000000001
2020-12-01,ICBC,0.206572938228009,-0.201987996779873,30.4029835700005,38.64,2109.6211656326795,84.628496822485,12.101,1.01,11.091000000000001
2020-12-01,Interbank,12.7947038241897,1.01380855224718,264.882641280014,16.99,2109.6211656326795,84.628496822485,12.101,1.01,11.091000000000001
2020-12-01,MiBanco,3.99432343097645,1.67863275623388,-35.2035081199988,19.82,2109.6211656326795,84.628496822485,12.101,1.01,11.091000000000001
2020-12-01,Ripley,0.488962694534636,-1.66235898002322,-109.95798571,14.41,2109.6211656326795,84.628496822485,12.101,1.01,11.091000000000001
2020-12-01,Santander,1.39499221026688,-0.116968985558252,118.70934817,15.65,2109.6211656326795,84.628496822485,12.101,1.01,11.091000000000001
2020-12-01,Scotiabank,15.6903858288916,0.113156735983932,266.320900499999,16.5,2109.6211656326795,84.628496822485,12.101,1.01,11.091000000000001
2021-01-01,Azteca,0.0996378801754247,-3.0680066214545,-13.9444928200001,17.1,2106.352621816672,84.6952171689439,12.0323,0.9526,11.079699999999999
2021-01-01,BanBif,3.71376814210976,0.716330374274521,10.3223824499985,13.84,2106.352621816672,84.6952171689439,12.0323,0.9526,11.079699999999999
2021-01-01,Citibank,0.414713272167543,-3.20043518339652,7.85033752000012,27.0,2106.352621816672,84.6952171689439,12.0323,0.9526,11.079699999999999
2021-01-01,Comercio,0.541826985245303,0.219273930002384,1.83912679000027,13.8,2106.352621816672,84.6952171689439,12.0323,0.9526,11.079699999999999
2021-01-01,Continental,21.5275964937257,1.35586467036042,58.7436823199809,13.68,2106.352621816672,84.6952171689439,12.0323,0.9526,11.079699999999999
2021-01-01,Crédito,34.3847750642731,1.26730364395407,194.553462180022,14.91,2106.352621816672,84.6952171689439,12.0323,0.9526,11.079699999999999
2021-01-01,Falabella,0.778052986896802,-2.17766048730288,-2.5846577200001,13.33,2106.352621816672,84.6952171689439,12.0323,0.9526,11.079699999999999
2021-01-01,Financiero,2.64786304770235,0.755610501306547,-3.10044394000139,12.77,2106.352621816672,84.6952171689439,12.0323,0.9526,11.079699999999999
2021-01-01,GNB,1.01459463629876,-1.30046155372779,2.57023331000028,16.7,2106.352621816672,84.6952171689439,12.0323,0.9526,11.079699999999999
2021-01-01,ICBC,0.232485886600545,1.21613561384732,0.593753060000231,36.33,2106.352621816672,84.6952171689439,12.0323,0.9526,11.079699999999999
2021-01-01,Interbank,12.7857437194715,0.887541676948977,45.0936212899971,16.73,2106.352621816672,84.6952171689439,12.0323,0.9526,11.079699999999999
2021-01-01,MiBanco,4.00771199929788,1.59177123602099,5.68239439999856,19.69,2106.352621816672,84.6952171689439,12.0323,0.9526,11.079699999999999
2021-01-01,Ripley,0.441404445806262,-2.40408622947251,-9.08795969999989,14.55,2106.352621816672,84.6952171689439,12.0323,0.9526,11.079699999999999
2021-01-01,Santander,1.41272354875557,-0.0987296636872803,9.83127820999939,15.57,2106.352621816672,84.6952171689439,12.0323,0.9526,11.079699999999999
2021-01-01,Scotiabank,15.9971018914736,0.143707243088831,26.3508141099945,15.98,2106.352621816672,84.6952171689439,12.0323,0.9526,11.079699999999999
2021-02-01,Azteca,0.102177085518184,-2.88930888965167,-26.34430366,14.56,2112.7586420375233,84.8111263157744,11.8846,0.9139,10.9707
2021-02-01,BanBif,3.66651751729039,0.53352086655265,19.0463121099992,13.96,2112.7586420375233,84.8111263157744,11.8846,0.9139,10.9707
2021-02-01,Citibank,0.39462380642909,-4.39633425436392,17.800453369999,30.8,2112.7586420375233,84.8111263157744,11.8846,0.9139,10.9707
2021-02-01,Comercio,0.539710445404259,0.0415085982075736,3.1448274800002,14.01,2112.7586420375233,84.8111263157744,11.8846,0.9139,10.9707
2021-02-01,Continental,21.6498153961385,1.24880165838943,105.774417169983,14.59,2112.7586420375233,84.8111263157744,11.8846,0.9139,10.9707
2021-02-01,Crédito,34.4071438967828,1.14267185622619,331.670620399999,14.92,2112.7586420375233,84.8111263157744,11.8846,0.9139,10.9707
2021-02-01,Falabella,0.728993041436243,-2.80571302723175,-3.96293460999956,12.47,2112.7586420375233,84.8111263157744,11.8846,0.9139,10.9707
2021-02-01,Financiero,2.65273768644139,0.839153276718418,-16.9573870600012,12.72,2112.7586420375233,84.8111263157744,11.8846,0.9139,10.9707
2021-02-01,GNB,1.00830056815406,-1.41730014969572,5.64165906999958,17.65,2112.7586420375233,84.8111263157744,11.8846,0.9139,10.9707
2021-02-01,ICBC,0.217879731163674,0.393142695626869,5.07718103000013,37.37,2112.7586420375233,84.8111263157744,11.8846,0.9139,10.9707
2021-02-01,Interbank,12.6672156208464,0.769022518020845,78.0059300899965,16.8,2112.7586420375233,84.8111263157744,11.8846,0.9139,10.9707
2021-02-01,MiBanco,4.01614230347385,1.51540384502382,7.39340080999991,19.82,2112.7586420375233,84.8111263157744,11.8846,0.9139,10.9707
2021-02-01,Ripley,0.407303087495698,-3.03540870875049,-14.4483794899999,12.87,2112.7586420375233,84.8111263157744,11.8846,0.9139,10.9707
2021-02-01,Santander,1.45448841141877,0.293998667983386,16.6158175700018,15.65,2112.7586420375233,84.8111263157744,11.8846,0.9139,10.9707
2021-02-01,Scotiabank,16.0869514020067,0.166790910109027,58.9266825399925,15.97,2112.7586420375233,84.8111263157744,11.8846,0.9139,10.9707
2021-03-01,Azteca,0.102577350338221,-2.87954277176924,-33.09095299,13.33,2108.3544817687107,84.8868422992347,11.1365,0.8919,10.2446
2021-03-01,BanBif,3.69572359544516,0.249685274463607,33.1368850900012,13.93,2108.3544817687107,84.8868422992347,11.1365,0.8919,10.2446
2021-03-01,Citibank,0.39567665440262,-4.65674397056155,43.3463486400001,25.01,2108.3544817687107,84.8868422992347,11.1365,0.8919,10.2446
2021-03-01,Comercio,0.534334973045728,0.0983313570195099,4.9189710899997,14.21,2108.3544817687107,84.8868422992347,11.1365,0.8919,10.2446
2021-03-01,Continental,21.8029779167605,1.07031973022633,204.028634979985,15.06,2108.3544817687107,84.8868422992347,11.1365,0.8919,10.2446
2021-03-01,Crédito,34.1967499872712,0.751510486016138,460.171905130003,16.46,2108.3544817687107,84.8868422992347,11.1365,0.8919,10.2446
2021-03-01,Falabella,0.741772459712718,-2.47341791544923,-7.21525398000011,13.76,2108.3544817687107,84.8868422992347,11.1365,0.8919,10.2446
2021-03-01,Financiero,2.63413342956617,0.944629692754839,-21.6606481000011,13.07,2108.3544817687107,84.8868422992347,11.1365,0.8919,10.2446
2021-03-01,GNB,0.969861931246928,-1.72670967295341,8.8518683900004,17.97,2108.3544817687107,84.8868422992347,11.1365,0.8919,10.2446
2021-03-01,ICBC,0.211140201461363,0.170596330639761,7.86573291000016,37.68,2108.3544817687107,84.8868422992347,11.1365,0.8919,10.2446
2021-03-01,Interbank,12.7915520145329,0.967811423786857,133.931798850016,17.01,2108.3544817687107,84.8868422992347,11.1365,0.8919,10.2446
2021-03-01,MiBanco,4.01482583385858,1.66114050171671,6.11016906000127,17.87,2108.3544817687107,84.8868422992347,11.1365,0.8919,10.2446
2021-03-01,Ripley,0.392544212130052,-3.27127070338576,-16.7823144200001,12.95,2108.3544817687107,84.8868422992347,11.1365,0.8919,10.2446
2021-03-01,Santander,1.42056705955768,-0.553373348012387,28.6884246699986,16.38,2108.3544817687107,84.8868422992347,11.1365,0.8919,10.2446
2021-03-01,Scotiabank,16.0955623806701,0.169672619115868,139.67063767,16.37,2108.3544817687107,84.8868422992347,11.1365,0.8919,10.2446
2021-04-01,Azteca,0.103770458716395,-2.66271131821866,-42.44702631,12.84,2108.578947559192,84.94976400302531,11.0793,0.8914,10.187899999999999
2021-04-01,BanBif,3.69361195819715,0.313901838844899,42.9723659400001,13.72,2108.578947559192,84.94976400302531,11.0793,0.8914,10.187899999999999
2021-04-01,Citibank,0.392829776210559,-5.00490487752053,53.2918513100019,25.43,2108.578947559192,84.94976400302531,11.0793,0.8914,10.187899999999999
2021-04-01,Comercio,0.527179063052609,0.12121663849225,6.78086629000019,14.11,2108.578947559192,84.94976400302531,11.0793,0.8914,10.187899999999999
2021-04-01,Continental,21.8315284250659,1.22487734380765,288.049650289989,14.88,2108.578947559192,84.94976400302531,11.0793,0.8914,10.187899999999999
2021-04-01,Crédito,34.1234438783084,0.686943462190248,692.236422469993,15.6,2108.578947559192,84.94976400302531,11.0793,0.8914,10.187899999999999
2021-04-01,Falabella,0.756331799845933,-1.54437137272057,-15.9639198900003,13.42,2108.578947559192,84.94976400302531,11.0793,0.8914,10.187899999999999
2021-04-01,Financiero,2.61503041112583,1.07953075364147,-21.3985562800011,13.3,2108.578947559192,84.94976400302531,11.0793,0.8914,10.187899999999999
2021-04-01,GNB,0.975883290989879,-1.51825118288483,12.2636209999997,17.9,2108.578947559192,84.94976400302531,11.0793,0.8914,10.187899999999999
2021-04-01,ICBC,0.2063143100549,-1.96695314566724,9.95874734000026,38.77,2108.578947559192,84.94976400302531,11.0793,0.8914,10.187899999999999
2021-04-01,Interbank,12.6558059140434,0.862676368455229,185.820599869994,16.55,2108.578947559192,84.94976400302531,11.0793,0.8914,10.187899999999999
2021-04-01,MiBanco,3.96867541283812,1.54979782903861,18.6044293299997,17.85,2108.578947559192,84.94976400302531,11.0793,0.8914,10.187899999999999
2021-04-01,Ripley,0.385031727635049,-3.12782355906852,-17.5608716799999,12.8,2108.578947559192,84.94976400302531,11.0793,0.8914,10.187899999999999
2021-04-01,Santander,1.42557778830828,-0.790582913718541,39.6533946100008,16.41,2108.578947559192,84.94976400302531,11.0793,0.8914,10.187899999999999
2021-04-01,Scotiabank,16.3389857856076,0.249758200787276,211.411615870001,15.74,2108.578947559192,84.94976400302531,11.0793,0.8914,10.187899999999999
2021-05-01,Azteca,0.0955777067945673,-7.10543874696118,-52.39002203,11.71,2110.610111401369,85.00050410422831,10.8042,0.8623,9.9419
2021-05-01,BanBif,3.70197869695256,-0.139883767548898,53.2600555300025,13.34,2110.610111401369,85.00050410422831,10.8042,0.8623,9.9419
2021-05-01,Citibank,0.395664985481867,-10.155495544674,47.7654156999991,27.94,2110.610111401369,85.00050410422831,10.8042,0.8623,9.9419
2021-05-01,Comercio,0.512660326867882,-0.0321012581602331,8.66655904000017,14.27,2110.610111401369,85.00050410422831,10.8042,0.8623,9.9419
2021-05-01,Continental,22.1021468903882,2.79702456649675,370.514667090008,14.47,2110.610111401369,85.00050410422831,10.8042,0.8623,9.9419
2021-05-01,Crédito,34.049220749549,-0.195278533028054,961.594680770025,15.51,2110.610111401369,85.00050410422831,10.8042,0.8623,9.9419
2021-05-01,Falabella,0.747123488794555,-2.76447638300463,-18.8472605299995,13.27,2110.610111401369,85.00050410422831,10.8042,0.8623,9.9419
2021-05-01,Financiero,2.60063428433155,1.05723730949341,-18.0927703899994,13.09,2110.610111401369,85.00050410422831,10.8042,0.8623,9.9419
2021-05-01,GNB,0.974260293015823,-3.156369600106,16.278356830001,17.58,2110.610111401369,85.00050410422831,10.8042,0.8623,9.9419
2021-05-01,ICBC,0.251687863841896,0.454766475118995,10.2564209199998,34.06,2110.610111401369,85.00050410422831,10.8042,0.8623,9.9419
2021-05-01,Interbank,12.5831746247395,0.735584270145839,265.447544810005,16.49,2110.610111401369,85.00050410422831,10.8042,0.8623,9.9419
2021-05-01,MiBanco,3.88970351290001,3.38006136783777,38.0150428299992,17.09,2110.610111401369,85.00050410422831,10.8042,0.8623,9.9419
2021-05-01,Ripley,0.383035913121559,-6.59138913028261,-20.94402457,12.51,2110.610111401369,85.00050410422831,10.8042,0.8623,9.9419
2021-05-01,Santander,1.44716882366943,-1.44227388688124,49.2403948000015,16.23,2110.610111401369,85.00050410422831,10.8042,0.8623,9.9419
2021-05-01,Scotiabank,16.2659618395516,-0.273133412817106,283.971597310005,15.48,2110.610111401369,85.00050410422831,10.8042,0.8623,9.9419
2021-06-01,Azteca,0.0903170853242266,-5.86790202796847,-57.33169903,10.3210324274941,2126.765049071161,84.9610373883785,10.683,0.819,9.864
2021-06-01,BanBif,3.75749456462203,0.35350378798582,65.0127457200007,13.4857398952223,2126.765049071161,84.9610373883785,10.683,0.819,9.864
2021-06-01,Citibank,0.468992013643096,-4.14122226523233,63.3111675599999,20.9012999002958,2126.765049071161,84.9610373883785,10.683,0.819,9.864
2021-06-01,Comercio,0.50984108877568,-0.273214092775698,10.2971597699997,13.975365290073,2126.765049071161,84.9610373883785,10.683,0.819,9.864
2021-06-01,Continental,22.0353532546579,1.60424206216789,483.87011461999,14.5880632433985,2126.765049071161,84.9610373883785,10.683,0.819,9.864
2021-06-01,Crédito,34.5122295595605,0.545112386006474,1158.48836803,15.3395634187051,2126.765049071161,84.9610373883785,10.683,0.819,9.864
2021-06-01,Falabella,0.740238762130352,-1.6776557502974,-25.3789115200004,14.700862294639,2126.765049071161,84.9610373883785,10.683,0.819,9.864
2021-06-01,Financiero,2.58614037347837,0.968773854061222,-17.3509972600007,13.1921918814187,2126.765049071161,84.9610373883785,10.683,0.819,9.864
2021-06-01,GNB,0.954598482829539,-2.60092276659406,18.2813179000005,17.5541687377088,2126.765049071161,84.9610373883785,10.683,0.819,9.864
2021-06-01,ICBC,0.256610711591887,-0.24548211041856,13.5892308400001,33.5124724752447,2126.765049071161,84.9610373883785,10.683,0.819,9.864
2021-06-01,Interbank,12.3958986268683,0.307694486080035,359.308965169995,16.4930603837808,2126.765049071161,84.9610373883785,10.683,0.819,9.864
2021-06-01,MiBanco,3.85436677571366,2.87093082434087,58.1554102400011,17.2536257936782,2126.765049071161,84.9610373883785,10.683,0.819,9.864
2021-06-01,Ripley,0.38062248960845,-4.94369216680097,-23.37989289,12.4070784948219,2126.765049071161,84.9610373883785,10.683,0.819,9.864
2021-06-01,Santander,1.43974026390431,-1.29317727428346,64.1748046599995,16.047395874319,2126.765049071161,84.9610373883785,10.683,0.819,9.864
2021-06-01,Scotiabank,16.0175559472918,-0.246435793506627,380.437321809996,15.3635442308389,2126.765049071161,84.9610373883785,10.683,0.819,9.864
2021-07-01,Azteca,0.0897238805457264,-4.34427784389838,-66.6783254900001,9.77246688372453,2132.1025808286304,85.0063747762705,10.6816,0.7865,9.8951
2021-07-01,BanBif,3.75462991122304,0.557500700521851,82.7875748999976,13.5574097268745,2132.1025808286304,85.0063747762705,10.6816,0.7865,9.8951
2021-07-01,Citibank,0.4652221172099,-3.66381295263092,73.2181053299996,23.1186191006794,2132.1025808286304,85.0063747762705,10.6816,0.7865,9.8951
2021-07-01,Comercio,0.502174856728538,-0.0348317339266213,11.11162309,14.0042968792771,2132.1025808286304,85.0063747762705,10.6816,0.7865,9.8951
2021-07-01,Continental,21.6854934710406,0.746863831547051,618.501899310001,14.5029802169987,2132.1025808286304,85.0063747762705,10.6816,0.7865,9.8951
2021-07-01,Crédito,34.7169328394815,0.651454812129426,1478.14190768,15.1369819852799,2132.1025808286304,85.0063747762705,10.6816,0.7865,9.8951
2021-07-01,Falabella,0.726160360147809,-1.14667198971802,-24.6093689900005,13.4594130508208,2132.1025808286304,85.0063747762705,10.6816,0.7865,9.8951
2021-07-01,Financiero,2.54387921593419,0.57788215426624,-15.8455475400003,13.2493743293608,2132.1025808286304,85.0063747762705,10.6816,0.7865,9.8951
2021-07-01,GNB,0.927753037714605,-2.26615699139728,20.4415256199998,17.7157283812763,2132.1025808286304,85.0063747762705,10.6816,0.7865,9.8951
2021-07-01,ICBC,0.265224943624456,-0.0422251175820509,16.3468636700003,32.0413558681236,2132.1025808286304,85.0063747762705,10.6816,0.7865,9.8951
2021-07-01,Interbank,12.2879992978912,-0.0226649457858552,453.550232360003,16.2979019339579,2132.1025808286304,85.0063747762705,10.6816,0.7865,9.8951
2021-07-01,MiBanco,3.78162339180646,1.83971281053283,81.6931167800008,16.9616613339873,2132.1025808286304,85.0063747762705,10.6816,0.7865,9.8951
2021-07-01,Ripley,0.37254378294976,-3.94927285304656,-23.07512658,14.2979056780541,2132.1025808286304,85.0063747762705,10.6816,0.7865,9.8951
2021-07-01,Santander,1.55831061428266,0.525116400113124,76.2676372400008,15.1233334802261,2132.1025808286304,85.0063747762705,10.6816,0.7865,9.8951
2021-07-01,Scotiabank,16.3159491678572,0.0622178601416223,482.017881330009,14.5854296599695,2132.1025808286304,85.0063747762705,10.6816,0.7865,9.8951
2021-08-01,Azteca,0.0909016787870028,-3.00599517012371,-78.9308976999999,10.5297973273011,2128.1730726442843,84.9599961956428,10.6861,0.7632,9.9229
2021-08-01,BanBif,3.75242845598947,0.284921487252299,99.8064369300004,13.8444284810836,2128.1730726442843,84.9599961956428,10.6861,0.7632,9.9229
2021-08-01,Citibank,0.488921216647456,-1.64238714767991,78.7090807600015,21.7595313205495,2128.1730726442843,84.9599961956428,10.6861,0.7632,9.9229
2021-08-01,Comercio,0.50050579580007,-0.248793532660163,12.5368201800002,14.2412960443238,2128.1730726442843,84.9599961956428,10.6861,0.7632,9.9229
2021-08-01,Continental,21.4874257511934,0.366673738409107,740.411831349994,14.506434088753,2128.1730726442843,84.9599961956428,10.6861,0.7632,9.9229
2021-08-01,Crédito,34.6907765298033,0.368036515546977,1775.44870295004,15.1810150527094,2128.1730726442843,84.9599961956428,10.6861,0.7632,9.9229
2021-08-01,Falabella,0.714563783702096,-0.918523212029299,-29.2774914500006,13.3724593467874,2128.1730726442843,84.9599961956428,10.6861,0.7632,9.9229
2021-08-01,Financiero,2.56273497054053,0.200864598401451,-12.7100783700002,13.0720393171149,2128.1730726442843,84.9599961956428,10.6861,0.7632,9.9229
2021-08-01,GNB,0.928315315164739,-1.78895494010034,23.0729832399991,17.6967070595038,2128.1730726442843,84.9599961956428,10.6861,0.7632,9.9229
2021-08-01,ICBC,0.282886566287797,1.63825344659834,19.1729901999994,31.7973740566506,2128.1730726442843,84.9599961956428,10.6861,0.7632,9.9229
2021-08-01,Interbank,12.2400259703698,-0.308548198874281,578.206000290002,16.4543305912535,2128.1730726442843,84.9599961956428,10.6861,0.7632,9.9229
2021-08-01,MiBanco,3.80113038900122,1.06814852823025,98.4194783200008,16.8467772905893,2128.1730726442843,84.9599961956428,10.6861,0.7632,9.9229
2021-08-01,Ripley,0.367498125841828,-3.2994333240609,-22.6623384299999,14.4084937231025,2128.1730726442843,84.9599961956428,10.6861,0.7632,9.9229
2021-08-01,Santander,1.54373666859825,0.382811719725029,93.0584077799991,15.5188655393378,2128.1730726442843,84.9599961956428,10.6861,0.7632,9.9229
2021-08-01,Scotiabank,16.5417679442763,0.467813592181709,599.98414548,14.685353436757,2128.1730726442843,84.9599961956428,10.6861,0.7632,9.9229
2021-09-01,Azteca,0.0945745638832011,-1.72380459250826,-91.56385779,9.6958142396831,2124.503717147205,84.854120703825,10.4913,0.7803,9.711
2021-09-01,BanBif,3.78542524730119,0.359253180265617,115.257696870001,13.642053968545,2124.503717147205,84.854120703825,10.4913,0.7803,9.711
2021-09-01,Citibank,0.515673497662778,-0.520349220922933,82.8628269799998,19.9302374258348,2124.503717147205,84.854120703825,10.4913,0.7803,9.711
2021-09-01,Comercio,0.52046482442444,-0.0552354429235291,13.9770418200003,13.3909738932055,2124.503717147205,84.854120703825,10.4913,0.7803,9.711
2021-09-01,Continental,21.401483193612,0.191111721817605,890.036752160003,14.5199545782929,2124.503717147205,84.854120703825,10.4913,0.7803,9.711
2021-09-01,Crédito,34.6832923670105,0.298689116980566,2005.92592879,15.1610710586054,2124.503717147205,84.854120703825,10.4913,0.7803,9.711
2021-09-01,Falabella,0.715701497567926,-0.640068307662711,-29.8653923399994,13.3885318819761,2124.503717147205,84.854120703825,10.4913,0.7803,9.711
2021-09-01,Financiero,2.55708288652175,0.100054979485598,-9.4481030299987,12.9848515951341,2124.503717147205,84.854120703825,10.4913,0.7803,9.711
2021-09-01,GNB,0.922110949586412,-1.58849801935183,25.7812701599996,17.7211407242197,2124.503717147205,84.854120703825,10.4913,0.7803,9.711
2021-09-01,ICBC,0.268723317658245,1.42364365647674,21.5211056000002,32.9008971363472,2124.503717147205,84.854120703825,10.4913,0.7803,9.711
2021-09-01,Interbank,12.1950833848309,-0.378233761692726,733.265980049998,16.2732071851594,2124.503717147205,84.854120703825,10.4913,0.7803,9.711
2021-09-01,MiBanco,3.84272631489508,0.835307214402348,118.681648109999,16.7364408051806,2124.503717147205,84.854120703825,10.4913,0.7803,9.711
2021-09-01,Ripley,0.371487390013974,-2.66997653417094,-22.13988204,14.2020582603417,2124.503717147205,84.854120703825,10.4913,0.7803,9.711
2021-09-01,Santander,1.53951649794248,0.503507937857495,111.10150917,15.7130562163848,2124.503717147205,84.854120703825,10.4913,0.7803,9.711
2021-09-01,Scotiabank,16.5742617583716,0.793980505106018,720.97131029001,14.6455953457995,2124.503717147205,84.854120703825,10.4913,0.7803,9.711
2021-10-01,Azteca,0.0980017285354493,-0.828890421259609,-105.64435794,7.77364809018242,2114.2375422622704,84.7279596896344,10.5577,0.8197,9.738000000000001
2021-10-01,BanBif,3.76101216079738,0.396390521965606,130.099280719998,13.7365487818465,2114.2375422622704,84.7279596896344,10.5577,0.8197,9.738000000000001
2021-10-01,Citibank,0.493848457231211,-0.775574373545551,91.1987131300002,20.6238420891086,2114.2375422622704,84.7279596896344,10.5577,0.8197,9.738000000000001
2021-10-01,Comercio,0.533097381728245,0.0918521094898317,14.9440819699999,13.0676534787205,2114.2375422622704,84.7279596896344,10.5577,0.8197,9.738000000000001
2021-10-01,Continental,21.4449357768805,0.197391076862052,1191.16421797001,14.3120029696398,2114.2375422622704,84.7279596896344,10.5577,0.8197,9.738000000000001
2021-10-01,Crédito,34.5332288851236,0.274552465345645,2315.77912787,15.3149616256954,2114.2375422622704,84.7279596896344,10.5577,0.8197,9.738000000000001
2021-10-01,Falabella,0.757807424515483,-0.0112189791629747,-33.7065805499998,14.6861739341978,2114.2375422622704,84.7279596896344,10.5577,0.8197,9.738000000000001
2021-10-01,Financiero,2.57981289169367,0.139553544402804,-7.79681418000026,12.7287738786707,2114.2375422622704,84.7279596896344,10.5577,0.8197,9.738000000000001
2021-10-01,GNB,0.931510410491545,-1.11124222655772,28.5064674400006,17.1789836633094,2114.2375422622704,84.7279596896344,10.5577,0.8197,9.738000000000001
2021-10-01,ICBC,0.262695694672229,2.04267677326748,18.9718435899996,31.8000597887279,2114.2375422622704,84.7279596896344,10.5577,0.8197,9.738000000000001
2021-10-01,Interbank,12.3836231144014,-0.193946476340756,893.129186360009,15.9727675751747,2114.2375422622704,84.7279596896344,10.5577,0.8197,9.738000000000001
2021-10-01,MiBanco,3.89554264634531,0.549391277722422,143.289006600001,16.7943791316253,2114.2375422622704,84.7279596896344,10.5577,0.8197,9.738000000000001
2021-10-01,Ripley,0.388555241106304,-1.89051825812102,-20.7459035599999,13.9746150354289,2114.2375422622704,84.7279596896344,10.5577,0.8197,9.738000000000001
2021-10-01,Santander,1.55792139929805,0.473535322059049,128.251264349997,15.9452485134074,2114.2375422622704,84.7279596896344,10.5577,0.8197,9.738000000000001
2021-10-01,Scotiabank,16.3661719132289,0.668972194616635,771.651626200005,14.5856371276583,2114.2375422622704,84.7279596896344,10.5577,0.8197,9.738000000000001
2021-11-01,Azteca,0.100841561643777,0.416912656843782,-114.35095971,6.00002013581608,2108.0619292463066,84.672465746503,10.7307,0.9177,9.813
2021-11-01,BanBif,3.81038142876944,0.473522558641548,144.892446509999,13.6276108558897,2108.0619292463066,84.672465746503,10.7307,0.9177,9.813
2021-11-01,Citibank,0.479868254951508,0.80402254711931,98.0564221299985,21.0437272373876,2108.0619292463066,84.672465746503,10.7307,0.9177,9.813
2021-11-01,Comercio,0.531633960831951,0.292888050710727,16.5173753600001,12.7673463274386,2108.0619292463066,84.672465746503,10.7307,0.9177,9.813
2021-11-01,Continental,21.5840970599974,0.305696336067052,1343.47617109,14.1258666262082,2108.0619292463066,84.672465746503,10.7307,0.9177,9.813
2021-11-01,Crédito,34.3435742470642,0.256324226321381,2665.85438318,15.1502235748271,2108.0619292463066,84.672465746503,10.7307,0.9177,9.813
2021-11-01,Falabella,0.782750961693734,0.118680121213588,-34.7983419900003,14.5485942774742,2108.0619292463066,84.672465746503,10.7307,0.9177,9.813
2021-11-01,Financiero,2.58973286988053,0.183176412271302,-99.2026200200006,12.2246876498564,2108.0619292463066,84.672465746503,10.7307,0.9177,9.813
2021-11-01,GNB,0.926602790241127,-0.4499364567911,31.3276929900001,17.086538843562,2108.0619292463066,84.672465746503,10.7307,0.9177,9.813
2021-11-01,ICBC,0.269093834885638,2.23956031592465,23.7294231100006,30.0519711346502,2108.0619292463066,84.672465746503,10.7307,0.9177,9.813
2021-11-01,Interbank,12.2779404899074,-0.0366362062942271,1061.61727663,15.8933306556472,2108.0619292463066,84.672465746503,10.7307,0.9177,9.813
2021-11-01,MiBanco,3.85335752194602,0.252561660165984,168.915611610002,16.5899697525258,2108.0619292463066,84.672465746503,10.7307,0.9177,9.813
2021-11-01,Ripley,0.393688402241936,-1.37927568232064,-20.5369351899999,14.3659070108034,2108.0619292463066,84.672465746503,10.7307,0.9177,9.813
2021-11-01,Santander,1.58323446665486,1.18941276720037,147.352370359999,15.8301288296588,2108.0619292463066,84.672465746503,10.7307,0.9177,9.813
2021-11-01,Scotiabank,16.466853949534,0.777724937344271,897.770398369993,14.4762225448755,2108.0619292463066,84.672465746503,10.7307,0.9177,9.813
2021-12-01,Azteca,0.108296322622217,1.02771345750339,-125.4445568,4.06323004063975,2116.6998131656155,84.6589741074225,10.9868,1.0332,9.953600000000002
2021-12-01,BanBif,3.75856049641343,0.415796183335004,157.835626309998,13.7017770686923,2116.6998131656155,84.6589741074225,10.9868,1.0332,9.953600000000002
2021-12-01,Citibank,0.519355853601118,1.47542713992923,110.47473602,20.7375162945674,2116.6998131656155,84.6589741074225,10.9868,1.0332,9.953600000000002
2021-12-01,Comercio,0.518397459479426,0.125115981707413,17.2794086199999,12.7894267788581,2116.6998131656155,84.6589741074225,10.9868,1.0332,9.953600000000002
2021-12-01,Continental,21.3614508162936,0.274564073223327,1559.29309084,14.1342004165231,2116.6998131656155,84.6589741074225,10.9868,1.0332,9.953600000000002
2021-12-01,Crédito,34.6828545442082,0.402080911648817,3031.40274469001,14.9446867805382,2116.6998131656155,84.6589741074225,10.9868,1.0332,9.953600000000002
2021-12-01,Falabella,0.81839618939724,0.528012005472434,-43.0938490300001,14.233383095398,2116.6998131656155,84.6589741074225,10.9868,1.0332,9.953600000000002
2021-12-01,Financiero,2.56174671697101,0.164669273575391,-97.7706055100004,12.1348121374793,2116.6998131656155,84.6589741074225,10.9868,1.0332,9.953600000000002
2021-12-01,GNB,0.922143649758547,-0.389174612218957,31.5273042599992,16.763651128563,2116.6998131656155,84.6589741074225,10.9868,1.0332,9.953600000000002
2021-12-01,ICBC,0.252313901814146,1.67269173587705,26.231909270001,32.1798609887133,2116.6998131656155,84.6589741074225,10.9868,1.0332,9.953600000000002
2021-12-01,Interbank,12.3504316311529,0.0978490977270985,1200.47556369,15.8686210045999,2116.6998131656155,84.6589741074225,10.9868,1.0332,9.953600000000002
2021-12-01,MiBanco,3.85413043803613,0.280463788211471,179.147985430002,16.3989179753741,2116.6998131656155,84.6589741074225,10.9868,1.0332,9.953600000000002
2021-12-01,Ripley,0.416201335333042,-0.760067147788457,-20.2795652,13.5667567470353,2116.6998131656155,84.6589741074225,10.9868,1.0332,9.953600000000002
2021-12-01,Santander,1.60574472673062,1.35955002250816,166.10778127,15.9310072273065,2116.6998131656155,84.6589741074225,10.9868,1.0332,9.953600000000002
2021-12-01,Scotiabank,16.2642371157678,0.690679212812295,1041.79568594,14.6988388210769,2116.6998131656155,84.6589741074225,10.9868,1.0332,9.953600000000002
2022-01-01,Azteca,0.118025402166835,0.633278350186273,-8.02049803999992,3.0324622696601,2105.017110536215,84.5602849974684,11.1277,1.1216,10.0061
2022-01-01,BanBif,3.80246378059331,0.116251687729019,13.2894333699976,13.4675544439359,2105.017110536215,84.5602849974684,11.1277,1.1216,10.0061
2022-01-01,Citibank,0.499876127039809,-0.292306630265515,10.4869098399977,21.3803225989337,2105.017110536215,84.5602849974684,11.1277,1.1216,10.0061
2022-01-01,Comercio,0.519358485828913,-0.0522164576059247,0.394793549999897,12.865379882723,2105.017110536215,84.5602849974684,11.1277,1.1216,10.0061
2022-01-01,Continental,21.2194614804348,-0.0637843328389787,132.020087550009,13.9709721363889,2105.017110536215,84.5602849974684,11.1277,1.1216,10.0061
2022-01-01,Crédito,34.4804928641671,-0.0473772951772533,330.993677800043,14.8243520984087,2105.017110536215,84.5602849974684,11.1277,1.1216,10.0061
2022-01-01,Falabella,0.843436717723213,0.165718039705065,7.04587819999963,15.0879237621199,2105.017110536215,84.5602849974684,11.1277,1.1216,10.0061
2022-01-01,Financiero,2.49649268929517,-0.23312693172306,4.6077641999999,12.0843341077468,2105.017110536215,84.5602849974684,11.1277,1.1216,10.0061
2022-01-01,GNB,0.927350616969684,0.0254806799506513,2.64544813000092,16.6681211126534,2105.017110536215,84.5602849974684,11.1277,1.1216,10.0061
2022-01-01,ICBC,0.266862869810018,0.593556366222625,-1.36743508000083,30.7995265358839,2105.017110536215,84.5602849974684,11.1277,1.1216,10.0061
2022-01-01,Interbank,12.3786995546469,0.00790903052865222,111.552609519993,15.1594786798494,2105.017110536215,84.5602849974684,11.1277,1.1216,10.0061
2022-01-01,MiBanco,3.91194379399941,0.0391706811585291,33.4078443600006,16.231867003713,2105.017110536215,84.5602849974684,11.1277,1.1216,10.0061
2022-01-01,Ripley,0.423688122944825,0.0629666108093785,1.34575836000001,13.4162719532831,2105.017110536215,84.5602849974684,11.1277,1.1216,10.0061
2022-01-01,Santander,1.61884782659717,0.140718166810361,9.69882230999705,15.7892661253146,2105.017110536215,84.5602849974684,11.1277,1.1216,10.0061
2022-01-01,Scotiabank,16.4816310982196,0.0978975273177252,133.877986809991,14.4056769408809,2105.017110536215,84.5602849974684,11.1277,1.1216,10.0061
2022-02-01,Azteca,0.115681358053995,2.76107666872862,-13.54865181,2.88714438607231,2085.9655587184516,84.430244998007,11.2939,1.3082,9.985700000000001
2022-02-01,BanBif,3.79879319329284,0.987505651280962,25.3303804000015,13.6625120661569,2085.9655587184516,84.430244998007,11.2939,1.3082,9.985700000000001
2022-02-01,Citibank,0.557616550546565,4.02399069278772,20.5192583800007,21.6851482248843,2085.9655587184516,84.430244998007,11.2939,1.3082,9.985700000000001
2022-02-01,Comercio,0.518800810388331,-0.363548764250299,2.35040308999964,12.6794336171446,2085.9655587184516,84.430244998007,11.2939,1.3082,9.985700000000001
2022-02-01,Continental,21.109308459706,-0.399696236938074,264.427153190006,14.0643598062509,2085.9655587184516,84.430244998007,11.2939,1.3082,9.985700000000001
2022-02-01,Crédito,34.0870561870494,-0.603934785014681,685.137342160003,14.8346913939826,2085.9655587184516,84.430244998007,11.2939,1.3082,9.985700000000001
2022-02-01,Falabella,0.874405085980275,2.77332598296856,17.6450995399995,14.8548231611968,2085.9655587184516,84.430244998007,11.2939,1.3082,9.985700000000001
2022-02-01,Financiero,2.52211209978489,-0.682564450387124,8.30156145999914,11.8156544171407,2085.9655587184516,84.430244998007,11.2939,1.3082,9.985700000000001
2022-02-01,GNB,0.93086003361065,0.498012972651662,2.81027281999989,16.1047590701946,2085.9655587184516,84.430244998007,11.2939,1.3082,9.985700000000001
2022-02-01,ICBC,0.250688258168615,1.08361088407027,-1.20120082000072,32.8876405464862,2085.9655587184516,84.430244998007,11.2939,1.3082,9.985700000000001
2022-02-01,Interbank,12.4270434718481,0.458871823390394,200.481361689992,15.0027100382885,2085.9655587184516,84.430244998007,11.2939,1.3082,9.985700000000001
2022-02-01,MiBanco,3.9716699689778,0.938295418652113,58.6728904800014,15.9480774699953,2085.9655587184516,84.430244998007,11.2939,1.3082,9.985700000000001
2022-02-01,Ripley,0.433132029134778,1.42901942158034,-0.725242769999997,14.3494002161306,2085.9655587184516,84.430244998007,11.2939,1.3082,9.985700000000001
2022-02-01,Santander,1.57893427019992,0.0693228531480239,25.9769402899995,15.7988677663088,2085.9655587184516,84.430244998007,11.2939,1.3082,9.985700000000001
2022-02-01,Scotiabank,16.8068368794035,1.78856897716668,255.063344100002,13.9201128411857,2085.9655587184516,84.430244998007,11.2939,1.3082,9.985700000000001
2022-03-01,Azteca,0.119992148716502,3.36937948398477,-3.24842606999996,4.68028613724486,2084.151078805334,84.2043441789477,11.5168,1.4668,10.05
2022-03-01,BanBif,3.81533722156913,1.29009292735265,38.9460300199983,13.3703583682069,2084.151078805334,84.2043441789477,11.5168,1.4668,10.05
2022-03-01,Citibank,0.620075957367162,6.93594767476371,44.4047893499992,22.6171813846269,2084.151078805334,84.2043441789477,11.5168,1.4668,10.05
2022-03-01,Comercio,0.522997190317377,0.349754804786095,6.57926169999981,12.5308427814486,2084.151078805334,84.2043441789477,11.5168,1.4668,10.05
2022-03-01,Continental,21.1738176433347,0.26843766888085,421.003273220001,14.4896000579732,2084.151078805334,84.2043441789477,11.5168,1.4668,10.05
2022-03-01,Crédito,34.1562254993315,0.0836679223761516,1117.52203019,15.7919349531394,2084.151078805334,84.2043441789477,11.5168,1.4668,10.05
2022-03-01,Falabella,0.942258473406026,4.700611135107,20.5915033300006,14.4081884106988,2084.151078805334,84.2043441789477,11.5168,1.4668,10.05
2022-03-01,Financiero,2.51737258598278,-0.119601206461539,11.2158483600014,12.075401434692,2084.151078805334,84.2043441789477,11.5168,1.4668,10.05
2022-03-01,GNB,0.932955310813154,0.790871177276964,7.49783418999998,16.6752267668432,2084.151078805334,84.2043441789477,11.5168,1.4668,10.05
2022-03-01,ICBC,0.258018834063241,2.2937483155659,1.37267613000035,33.2725099238838,2084.151078805334,84.2043441789477,11.5168,1.4668,10.05
2022-03-01,Interbank,12.183246373969,0.0223379498837994,313.69510231001,15.4686269267951,2084.151078805334,84.2043441789477,11.5168,1.4668,10.05
2022-03-01,MiBanco,3.99605620278756,1.11217189949473,111.44164361,15.6108411562679,2084.151078805334,84.2043441789477,11.5168,1.4668,10.05
2022-03-01,Ripley,0.443202877539541,2.01058460054917,-3.11831415000051,14.2910706186892,2084.151078805334,84.2043441789477,11.5168,1.4668,10.05
2022-03-01,Santander,1.61055312027629,1.26401377773606,45.7060868600009,15.7805623972924,2084.151078805334,84.2043441789477,11.5168,1.4668,10.05
2022-03-01,Scotiabank,16.6910546623125,1.37352867266058,375.965048050003,14.3361759538584,2084.151078805334,84.2043441789477,11.5168,1.4668,10.05
2022-04-01,Azteca,0.117980152707787,2.40647045043951,-5.03145057999998,4.52256138685239,2070.0723690160626,83.96989080172818,11.8497,1.5737,10.276
2022-04-01,BanBif,3.84229667255178,1.15033968104841,53.5387374699983,13.322374103379,2070.0723690160626,83.96989080172818,11.8497,1.5737,10.276
2022-04-01,Citibank,0.640745557010891,5.99394293457776,64.9186558499992,22.1896735931879,2070.0723690160626,83.96989080172818,11.8497,1.5737,10.276
2022-04-01,Comercio,0.520118865348295,0.383965684608856,7.50501993000024,12.5444612923887,2070.0723690160626,83.96989080172818,11.8497,1.5737,10.276
2022-04-01,Continental,21.1756284820179,0.280985331552186,570.578549169986,14.3539005465928,2070.0723690160626,83.96989080172818,11.8497,1.5737,10.276
2022-04-01,Crédito,33.9631553722683,-0.00615110190217427,1447.72955922999,15.6983631367857,2070.0723690160626,83.96989080172818,11.8497,1.5737,10.276
2022-04-01,Falabella,0.977838896843462,4.79849168696929,16.0343925300001,14.0437667553601,2070.0723690160626,83.96989080172818,11.8497,1.5737,10.276
2022-04-01,Financiero,2.54221654987178,0.275511524006777,8.76166582000091,12.0292474577456,2070.0723690160626,83.96989080172818,11.8497,1.5737,10.276
2022-04-01,GNB,0.950288495138631,1.1755990306588,9.91607687000076,16.2667055613132,2070.0723690160626,83.96989080172818,11.8497,1.5737,10.276
2022-04-01,ICBC,0.288224920965255,4.30789810371399,5.93839146000032,30.1094614832161,2070.0723690160626,83.96989080172818,11.8497,1.5737,10.276
2022-04-01,Interbank,12.2230546353965,0.210773977066503,423.697165350007,15.3050048182941,2070.0723690160626,83.96989080172818,11.8497,1.5737,10.276
2022-04-01,MiBanco,4.00658932666056,1.21603534761161,159.23243357,15.2867089471305,2070.0723690160626,83.96989080172818,11.8497,1.5737,10.276
2022-04-01,Ripley,0.446836892217279,2.03284004445994,-4.93690773999962,14.0832265393546,2070.0723690160626,83.96989080172818,11.8497,1.5737,10.276
2022-04-01,Santander,1.68015470822104,1.90456484532617,53.3084237599995,15.5154145228012,2070.0723690160626,83.96989080172818,11.8497,1.5737,10.276
2022-04-01,Scotiabank,16.6080523120455,1.00692296125808,623.424657439984,14.1456472296954,2070.0723690160626,83.96989080172818,11.8497,1.5737,10.276
2022-05-01,Azteca,0.120723479435104,2.3547593939758,-6.99901081000001,4.39281049994035,2064.5857401357275,83.9346243350463,12.1248,1.8519,10.2729
2022-05-01,BanBif,3.78628995735138,0.838407041161782,68.6506562600019,13.37037521864,2064.5857401357275,83.9346243350463,12.1248,1.8519,10.2729
2022-05-01,Citibank,0.639661991231281,4.91635297727009,90.2264186800011,23.7413043276831,2064.5857401357275,83.9346243350463,12.1248,1.8519,10.2729
2022-05-01,Comercio,0.521148936002866,0.355029717645738,10.3723577499996,12.5407904900827,2064.5857401357275,83.9346243350463,12.1248,1.8519,10.2729
2022-05-01,Continental,20.934463543811,0.153260299296654,767.663435349991,14.4956933243757,2064.5857401357275,83.9346243350463,12.1248,1.8519,10.2729
2022-05-01,Crédito,33.9124272792627,0.132588126848576,1779.60142483001,15.5886004078598,2064.5857401357275,83.9346243350463,12.1248,1.8519,10.2729
2022-05-01,Falabella,1.01519816761344,4.56601545744579,17.6811998099994,14.3338995190433,2064.5857401357275,83.9346243350463,12.1248,1.8519,10.2729
2022-05-01,Financiero,2.55501200320275,0.444932580414092,12.8971718699991,11.9709512236822,2064.5857401357275,83.9346243350463,12.1248,1.8519,10.2729
2022-05-01,GNB,0.938825444975222,0.782562844885559,12.4196597199999,16.3889548505362,2064.5857401357275,83.9346243350463,12.1248,1.8519,10.2729
2022-05-01,ICBC,0.293696546611225,4.2339657590829,7.71410870999968,31.6554080795402,2064.5857401357275,83.9346243350463,12.1248,1.8519,10.2729
2022-05-01,Interbank,12.2857794871771,0.409373973830562,505.300655890005,15.2600031529519,2064.5857401357275,83.9346243350463,12.1248,1.8519,10.2729
2022-05-01,MiBanco,4.06455132854785,1.22833767765449,210.779005470001,15.0214391472561,2064.5857401357275,83.9346243350463,12.1248,1.8519,10.2729
2022-05-01,Ripley,0.455443610233082,1.97616222907893,-8.36046825000008,13.8743901491683,2064.5857401357275,83.9346243350463,12.1248,1.8519,10.2729
2022-05-01,Santander,1.65816622933268,1.61956234699174,64.2397357399993,15.7231369037493,2064.5857401357275,83.9346243350463,12.1248,1.8519,10.2729
2022-05-01,Scotiabank,16.8019540247955,1.18501578114965,682.055041690004,14.2428009011803,2064.5857401357275,83.9346243350463,12.1248,1.8519,10.2729
2022-06-01,Azteca,0.121885935139182,2.41615689335966,-8.61689221000008,4.22068787441677,2080.857870183817,83.95171068995481,12.4933,2.0823,10.411
2022-06-01,BanBif,3.7684788613425,0.720330768106603,83.4440532999971,13.1609029454679,2080.857870183817,83.95171068995481,12.4933,2.0823,10.411
2022-06-01,Citibank,0.590569355520677,2.82260987505369,104.37227503,20.6126652564492,2080.857870183817,83.95171068995481,12.4933,2.0823,10.411
2022-06-01,Comercio,0.516949417591914,0.419741817701302,12.0057949899998,12.7020041476022,2080.857870183817,83.95171068995481,12.4933,2.0823,10.411
2022-06-01,Continental,20.5793655557901,-0.0235488202479206,947.288948520004,14.3543359444926,2080.857870183817,83.95171068995481,12.4933,2.0823,10.411
2022-06-01,Crédito,34.4506489134396,0.517340054541271,2133.81244700002,15.2334721440855,2080.857870183817,83.95171068995481,12.4933,2.0823,10.411
2022-06-01,Falabella,1.02141833014238,4.19626013356753,16.2239648499998,14.4268702996489,2080.857870183817,83.95171068995481,12.4933,2.0823,10.411
2022-06-01,Financiero,2.54702944576435,0.48192080090228,17.5878124399989,11.8060850459868,2080.857870183817,83.95171068995481,12.4933,2.0823,10.411
2022-06-01,GNB,0.957350756739297,1.19161961300749,14.9760496700001,15.8826094453982,2080.857870183817,83.95171068995481,12.4933,2.0823,10.411
2022-06-01,ICBC,0.27946746732858,2.55322416004309,16.568399,32.742902038758,2080.857870183817,83.95171068995481,12.4933,2.0823,10.411
2022-06-01,Interbank,12.2812215268558,0.492054785636764,598.916024349994,15.2475823377942,2080.857870183817,83.95171068995481,12.4933,2.0823,10.411
2022-06-01,MiBanco,4.00880117180774,1.08005840445853,261.428218670002,14.8265384915981,2080.857870183817,83.95171068995481,12.4933,2.0823,10.411
2022-06-01,Ripley,0.44887287286437,1.69083411436568,-11.7524987899998,13.790072136238,2080.857870183817,83.95171068995481,12.4933,2.0823,10.411
2022-06-01,Santander,1.77116462101736,2.47907758688979,74.9426263500012,14.7072706885392,2080.857870183817,83.95171068995481,12.4933,2.0823,10.411
2022-06-01,Scotiabank,16.6404746938693,0.983139849756842,783.476776580002,13.9073633207011,2080.857870183817,83.95171068995481,12.4933,2.0823,10.411
2022-07-01,Azteca,0.123650276083668,2.4957441829202,-7.12225150000007,4.28380786325591,2080.0887397514934,83.892205574413,12.6616,2.2897,10.3719
2022-07-01,BanBif,3.77814542703828,0.738895386553073,98.856910099998,13.1394662233016,2080.0887397514934,83.892205574413,12.6616,2.2897,10.3719
2022-07-01,Citibank,0.626728779441296,3.39245496576392,133.147195319999,24.0713303436258,2080.0887397514934,83.892205574413,12.6616,2.2897,10.3719
2022-07-01,Comercio,0.506254891352212,0.249723586615724,13.7200812899999,12.6698419177153,2080.0887397514934,83.892205574413,12.6616,2.2897,10.3719
2022-07-01,Continental,20.6163928636636,0.129150781666265,1146.70879559999,14.1924499639178,2080.0887397514934,83.892205574413,12.6616,2.2897,10.3719
2022-07-01,Crédito,34.4946982889604,0.569556465998922,2537.05416161997,15.0190736326489,2080.0887397514934,83.892205574413,12.6616,2.2897,10.3719
2022-07-01,Falabella,1.02358249599634,3.83886067917716,19.0428850499997,15.2190449839212,2080.0887397514934,83.892205574413,12.6616,2.2897,10.3719
2022-07-01,Financiero,2.57915349056791,0.730037157542029,22.8934512099977,11.6376549459755,2080.0887397514934,83.892205574413,12.6616,2.2897,10.3719
2022-07-01,GNB,0.94704731989391,1.00824339998573,17.5464382999997,15.8840944281398,2080.0887397514934,83.892205574413,12.6616,2.2897,10.3719
2022-07-01,ICBC,0.294561501094189,2.97501351408456,20.8157706100002,31.0891107188883,2080.0887397514934,83.892205574413,12.6616,2.2897,10.3719
2022-07-01,Interbank,12.3430181603949,0.627385970495142,690.250953269998,15.014475401718,2080.0887397514934,83.892205574413,12.6616,2.2897,10.3719
2022-07-01,MiBanco,3.93180800517986,0.86020939457665,301.175005390002,14.6443156141372,2080.0887397514934,83.892205574413,12.6616,2.2897,10.3719
2022-07-01,Ripley,0.444923481006341,1.53603188942857,-14.5542801999998,14.3515726311603,2080.0887397514934,83.892205574413,12.6616,2.2897,10.3719
2022-07-01,Santander,1.82442421087716,2.56988838819392,84.9294789099987,14.3110601132475,2080.0887397514934,83.892205574413,12.6616,2.2897,10.3719
2022-07-01,Scotiabank,16.4380962613941,0.793355001609197,891.865601020006,13.8262028708484,2080.0887397514934,83.892205574413,12.6616,2.2897,10.3719
2022-08-01,Azteca,0.132361136689854,2.90383729435413,-5.11676342999999,4.38715705697429,2074.0150302005745,83.7106128395421,12.9406,2.4726,10.468
2022-08-01,BanBif,3.85211053913145,0.835650375133734,113.72505378,13.2214274169267,2074.0150302005745,83.7106128395421,12.9406,2.4726,10.468
2022-08-01,Citibank,0.587025751064009,2.08400657754391,162.092960939999,20.6951450990582,2074.0150302005745,83.7106128395421,12.9406,2.4726,10.468
2022-08-01,Comercio,0.517292405690916,0.361880443416163,14.7382891200001,12.5875985788308,2074.0150302005745,83.7106128395421,12.9406,2.4726,10.468
2022-08-01,Continental,20.6190944280999,0.0352700570602105,1304.49536791,14.111046198754,2074.0150302005745,83.7106128395421,12.9406,2.4726,10.468
2022-08-01,Crédito,34.4476610892846,0.408280711860631,2973.56552661001,15.0148521563269,2074.0150302005745,83.7106128395421,12.9406,2.4726,10.468
2022-08-01,Falabella,1.04034453293001,3.41061010013868,28.9932695200001,15.4375391313488,2074.0150302005745,83.7106128395421,12.9406,2.4726,10.468
2022-08-01,Financiero,2.60221683018963,0.663807915235703,24.9386601500016,11.578443165541,2074.0150302005745,83.7106128395421,12.9406,2.4726,10.468
2022-08-01,GNB,0.971358782597906,1.10707278271691,19.7482775400002,16.0370095459809,2074.0150302005745,83.7106128395421,12.9406,2.4726,10.468
2022-08-01,ICBC,0.331292029313517,4.14085625337834,26.3067671600001,29.0385829299984,2074.0150302005745,83.7106128395421,12.9406,2.4726,10.468
2022-08-01,Interbank,12.2576703637872,0.376617773730348,772.449434099995,15.2580662770917,2074.0150302005745,83.7106128395421,12.9406,2.4726,10.468
2022-08-01,MiBanco,3.94269835038578,0.64106036709568,339.93138352,14.725933776798,2074.0150302005745,83.7106128395421,12.9406,2.4726,10.468
2022-08-01,Ripley,0.443584143102217,1.15731434252846,-14.2785051700001,14.4390135793648,2074.0150302005745,83.7106128395421,12.9406,2.4726,10.468
2022-08-01,Santander,1.83078411454026,2.29834378682505,106.358039890002,14.8016527993693,2074.0150302005745,83.7106128395421,12.9406,2.4726,10.468
2022-08-01,Scotiabank,16.3861869583704,0.574201921917039,1002.2175466,14.0072766563111,2074.0150302005745,83.7106128395421,12.9406,2.4726,10.468
2022-09-01,Azteca,0.140564849735653,3.31483730847346,-6.92057622000002,4.78130210209631,2066.665921561411,83.65449352072861,13.3757,2.6123,10.7634
2022-09-01,BanBif,3.83524358329045,0.595789684005532,131.852460539998,13.1878455908312,2066.665921561411,83.65449352072861,13.3757,2.6123,10.7634
2022-09-01,Citibank,0.618130674306347,2.33093770552215,187.94607345,22.5504763136911,2066.665921561411,83.65449352072861,13.3757,2.6123,10.7634
2022-09-01,Comercio,0.522258651612744,0.448028559169988,16.09276587,12.4359440400878,2066.665921561411,83.65449352072861,13.3757,2.6123,10.7634
2022-09-01,Continental,20.5913322483427,-0.0400855410329748,1480.29484865999,14.0010077511104,2066.665921561411,83.65449352072861,13.3757,2.6123,10.7634
2022-09-01,Crédito,34.3424598343175,0.259169202151321,3423.1562125,14.9282712878604,2066.665921561411,83.65449352072861,13.3757,2.6123,10.7634
2022-09-01,Falabella,1.03752725742537,3.0448656842899,22.88177209,15.5233015280095,2066.665921561411,83.65449352072861,13.3757,2.6123,10.7634
2022-09-01,Financiero,2.61146712139219,0.582685446717091,27.7435079900016,11.439776354747,2066.665921561411,83.65449352072861,13.3757,2.6123,10.7634
2022-09-01,GNB,0.964527328425964,0.870047673353991,22.6639751899999,15.9481365259206,2066.665921561411,83.65449352072861,13.3757,2.6123,10.7634
2022-09-01,ICBC,0.343589112103635,3.87960962770468,34.0213555199996,29.3792129646566,2066.665921561411,83.65449352072861,13.3757,2.6123,10.7634
2022-09-01,Interbank,12.4330111714344,0.442791941046128,879.324490619982,15.2056587349728,2066.665921561411,83.65449352072861,13.3757,2.6123,10.7634
2022-09-01,MiBanco,3.92036993284124,0.554228855714745,368.363602090003,14.6142929136221,2066.665921561411,83.65449352072861,13.3757,2.6123,10.7634
2022-09-01,Ripley,0.43599295952802,0.883396247531887,-14.1752484600001,14.4650381758153,2066.665921561411,83.65449352072861,13.3757,2.6123,10.7634
2022-09-01,Santander,1.87139461767354,2.0965355058574,115.490456,14.5484179385555,2066.665921561411,83.65449352072861,13.3757,2.6123,10.7634
2022-09-01,Scotiabank,16.287690266634,0.384624445848925,1098.9200497,13.9656008862048,2066.665921561411,83.65449352072861,13.3757,2.6123,10.7634
2022-10-01,Azteca,0.148672184291463,3.57057301830421,-4.88046760000009,7.33118828121773,2069.9586321079196,83.679307100994,13.5935,2.7542,10.839300000000001
2022-10-01,BanBif,3.81130355021482,0.479170378816951,149.92293353,14.1004478811035,2069.9586321079196,83.679307100994,13.5935,2.7542,10.839300000000001
2022-10-01,Citibank,0.574923575027304,1.36438991302326,211.418848919999,23.617013497636,2069.9586321079196,83.679307100994,13.5935,2.7542,10.839300000000001
2022-10-01,Comercio,0.527983103194294,0.523972614713997,17.0873102399996,12.346470746059,2069.9586321079196,83.679307100994,13.5935,2.7542,10.839300000000001
2022-10-01,Continental,20.6793931802248,0.014391308979933,1634.94732759,13.9160639087883,2069.9586321079196,83.679307100994,13.5935,2.7542,10.839300000000001
2022-10-01,Crédito,34.3838391898585,0.252538909456779,3772.12617108002,14.5454542006733,2069.9586321079196,83.679307100994,13.5935,2.7542,10.839300000000001
2022-10-01,Falabella,1.05430223507997,2.91411168508648,16.7012227199987,15.2970221189706,2069.9586321079196,83.679307100994,13.5935,2.7542,10.839300000000001
2022-10-01,Financiero,2.61020708925135,0.52776693570602,28.9628877399985,11.5582228664478,2069.9586321079196,83.679307100994,13.5935,2.7542,10.839300000000001
2022-10-01,GNB,0.952171118272886,0.66169961175746,25.7690275899999,15.6223567069043,2069.9586321079196,83.679307100994,13.5935,2.7542,10.839300000000001
2022-10-01,ICBC,0.342134223367009,3.44093779122625,40.43108178,28.4136765705362,2069.9586321079196,83.679307100994,13.5935,2.7542,10.839300000000001
2022-10-01,Interbank,12.3710008448993,0.356196608691262,962.664820789994,15.3130422951036,2069.9586321079196,83.679307100994,13.5935,2.7542,10.839300000000001
2022-10-01,MiBanco,3.9198550776032,0.509964342293578,395.994353989999,14.4490501341192,2069.9586321079196,83.679307100994,13.5935,2.7542,10.839300000000001
2022-10-01,Ripley,0.447831117956593,1.07781789536512,-14.0023405600001,14.3025118047103,2069.9586321079196,83.679307100994,13.5935,2.7542,10.839300000000001
2022-10-01,Santander,1.85934585375186,1.82076306353474,133.258338309999,14.8434867619299,2069.9586321079196,83.679307100994,13.5935,2.7542,10.839300000000001
2022-10-01,Scotiabank,16.2450738860114,0.327640996919087,1179.17569039002,13.8521804784739,2069.9586321079196,83.679307100994,13.5935,2.7542,10.839300000000001
2022-11-01,Azteca,0.155554080271193,3.5889840531921,-5.56478722999996,8.52829827508539,2059.3247816707117,83.7060895203403,13.926,2.9257,11.0003
2022-11-01,BanBif,3.80627736503546,0.460879277265747,167.278581050001,13.9779797562648,2059.3247816707117,83.7060895203403,13.926,2.9257,11.0003
2022-11-01,Citibank,0.534474726594437,0.612414671258521,236.38975795,20.1698574944294,2059.3247816707117,83.7060895203403,13.926,2.9257,11.0003
2022-11-01,Comercio,0.536485244504536,0.571102492866871,17.8945291399999,12.3807508127374,2059.3247816707117,83.7060895203403,13.926,2.9257,11.0003
2022-11-01,Continental,20.5071790085125,-0.0530218023268136,1765.47091471001,13.9433341206705,2059.3247816707117,83.7060895203403,13.926,2.9257,11.0003
2022-11-01,Crédito,34.1734490333019,0.195037510986151,4151.05841820996,14.4948685696607,2059.3247816707117,83.7060895203403,13.926,2.9257,11.0003
2022-11-01,Falabella,1.07773485436135,2.77432895225125,16.6968534300001,15.3605436851891,2059.3247816707117,83.7060895203403,13.926,2.9257,11.0003
2022-11-01,Financiero,2.64388223701888,0.598299802135305,7.38147280000176,11.4818017495134,2059.3247816707117,83.7060895203403,13.926,2.9257,11.0003
2022-11-01,GNB,0.957668025076611,0.642630589574056,28.9134092800002,15.6834688242476,2059.3247816707117,83.7060895203403,13.926,2.9257,11.0003
2022-11-01,ICBC,0.309493069295294,2.35243615032059,44.6892254200001,29.9337137077132,2059.3247816707117,83.7060895203403,13.926,2.9257,11.0003
2022-11-01,Interbank,12.7181291829477,0.586616087702807,1075.51025632001,14.9967958512201,2059.3247816707117,83.7060895203403,13.926,2.9257,11.0003
2022-11-01,MiBanco,3.95769440410834,0.476772770241496,426.49232142,14.2203971180567,2059.3247816707117,83.7060895203403,13.926,2.9257,11.0003
2022-11-01,Ripley,0.460844659342463,1.16710832360682,-13.9096395100002,14.0508861987999,2059.3247816707117,83.7060895203403,13.926,2.9257,11.0003
2022-11-01,Santander,1.77487713231362,1.34518790311124,148.28143541,15.5584639572005,2059.3247816707117,83.7060895203403,13.926,2.9257,11.0003
2022-11-01,Scotiabank,16.3073322955782,0.341929437625743,1299.95734523001,13.7094100123681,2059.3247816707117,83.7060895203403,13.926,2.9257,11.0003
2022-12-01,Azteca,0.161888123077865,3.56893128835523,-1.53807676999999,9.66436173532518,2059.667453291556,83.6960590737109,14.2635,2.9706,11.2929
2022-12-01,BanBif,3.84985523189901,0.492208601753163,179.373379380001,14.0179530764178,2059.667453291556,83.6960590737109,14.2635,2.9706,11.2929
2022-12-01,Citibank,0.546258701227308,0.72306757140379,252.1132376,20.2270953964264,2059.667453291556,83.6960590737109,14.2635,2.9706,11.2929
2022-12-01,Comercio,0.539375826131183,0.517173803682924,19.1212926500003,12.3724032371805,2059.667453291556,83.6960590737109,14.2635,2.9706,11.2929
2022-12-01,Continental,20.5908928528303,-0.052114145735993,1912.56684297999,13.9603733097441,2059.667453291556,83.6960590737109,14.2635,2.9706,11.2929
2022-12-01,Crédito,34.1831213745425,0.15106350550258,4484.01730557001,14.4278924746535,2059.667453291556,83.6960590737109,14.2635,2.9706,11.2929
2022-12-01,Falabella,1.10983249864039,2.73158703768965,17.0118130699987,15.3276525220725,2059.667453291556,83.6960590737109,14.2635,2.9706,11.2929
2022-12-01,Financiero,2.62977378143266,0.461637383629987,5.0593302899991,11.2814694446667,2059.667453291556,83.6960590737109,14.2635,2.9706,11.2929
2022-12-01,GNB,0.968737299077586,0.64237215107481,33.5168612200003,15.9472147623358,2059.667453291556,83.6960590737109,14.2635,2.9706,11.2929
2022-12-01,ICBC,0.32938584302556,2.68367297453942,51.7259094099999,30.4705485844885,2059.667453291556,83.6960590737109,14.2635,2.9706,11.2929
2022-12-01,Interbank,12.7480953383256,0.519377626208772,1171.69843688001,15.0792906262075,2059.667453291556,83.6960590737109,14.2635,2.9706,11.2929
2022-12-01,MiBanco,3.93296282029158,0.326249981277793,438.354531109999,14.6861383072363,2059.667453291556,83.6960590737109,14.2635,2.9706,11.2929
2022-12-01,Ripley,0.483804369645043,1.42069480217022,-18.1981415399999,13.5337025466196,2059.667453291556,83.6960590737109,14.2635,2.9706,11.2929
2022-12-01,Santander,1.65911242091641,0.657499939717243,167.284965730001,16.2938145105262,2059.667453291556,83.6960590737109,14.2635,2.9706,11.2929
2022-12-01,Scotiabank,16.1739495080125,0.20806351447078,1425.5157689,13.9693422654985,2059.667453291556,83.6960590737109,14.2635,2.9706,11.2929
2023-01-01,Azteca,0.168418049219205,3.56833247999959,0.0779493599999405,10.6195138440213,2052.493503984112,83.5754404589224,14.4623,3.1671,11.295200000000001
2023-01-01,BanBif,3.86601385679942,-0.353303812063743,16.7368437899993,14.3203021488559,2052.493503984112,83.5754404589224,14.4623,3.1671,11.295200000000001
2023-01-01,Citibank,0.548794140841705,-0.255160340200544,35.5094172299977,22.134875764557,2052.493503984112,83.5754404589224,14.4623,3.1671,11.295200000000001
2023-01-01,Comercio,0.539537412112726,-0.486210643199869,1.00132941000018,12.3347945098121,2052.493503984112,83.5754404589224,14.4623,3.1671,11.295200000000001
2023-01-01,Continental,20.4387960589164,-1.41365576995924,175.750672499993,16.2999631572199,2052.493503984112,83.5754404589224,14.4623,3.1671,11.295200000000001
2023-01-01,Crédito,34.1188175542907,-0.906024801485583,482.421824600008,17.5360820960642,2052.493503984112,83.5754404589224,14.4623,3.1671,11.295200000000001
2023-01-01,Falabella,1.10050194299365,-1.28425420619299,0.232639969999851,18.568048060077,2052.493503984112,83.5754404589224,14.4623,3.1671,11.295200000000001
2023-01-01,Financiero,2.61287600618044,-1.2793649819283,1.69267451999892,11.3842522316716,2052.493503984112,83.5754404589224,14.4623,3.1671,11.295200000000001
2023-01-01,GNB,0.953238053988596,-2.23651585366679,1.41486485000084,16.8178673906436,2052.493503984112,83.5754404589224,14.4623,3.1671,11.295200000000001
2023-01-01,ICBC,0.338396631882864,1.6094754207219,7.00550297999999,30.8453847937705,2052.493503984112,83.5754404589224,14.4623,3.1671,11.295200000000001
2023-01-01,Interbank,12.7357625005027,-0.772852140906022,105.749684799989,15.9722402397892,2052.493503984112,83.5754404589224,14.4623,3.1671,11.295200000000001
2023-01-01,MiBanco,3.91008246517753,-1.02764538828131,25.3406515800002,18.9297897547459,2052.493503984112,83.5754404589224,14.4623,3.1671,11.295200000000001
2023-01-01,Ripley,0.481318719505465,-0.958706141009935,-2.82784480000014,16.4311202489,2052.493503984112,83.5754404589224,14.4623,3.1671,11.295200000000001
2023-01-01,Santander,1.78930878035718,6.76876521414611,16.0075972200003,16.724198085733,2052.493503984112,83.5754404589224,14.4623,3.1671,11.295200000000001
2023-01-01,Scotiabank,16.2820643452126,-0.017260910772865,104.294740779995,14.8787712839501,2052.493503984112,83.5754404589224,14.4623,3.1671,11.295200000000001
2023-02-01,Azteca,0.177663864202655,4.04732922999935,0.105431840000005,10.3466942131843,2044.4064462538036,83.5275862932799,14.7364,3.3196,11.4168
2023-02-01,BanBif,3.87997748378179,-0.254040284475243,29.3620257400014,14.4419464927777,2044.4064462538036,83.5275862932799,14.7364,3.3196,11.4168
2023-02-01,Citibank,0.550779211656456,-0.23586716930577,66.3415810099994,23.4661725121544,2044.4064462538036,83.5275862932799,14.7364,3.3196,11.4168
2023-02-01,Comercio,0.548806851943372,0.193002143415,1.92312376999995,12.2237375611996,2044.4064462538036,83.5275862932799,14.7364,3.3196,11.4168
2023-02-01,Continental,20.617671087704,-0.586950598481972,296.535873270009,16.4884779249322,2044.4064462538036,83.5275862932799,14.7364,3.3196,11.4168
2023-02-01,Crédito,33.8771757503028,-1.09298944647729,844.627669590004,17.8425771159433,2044.4064462538036,83.5275862932799,14.7364,3.3196,11.4168
2023-02-01,Falabella,1.10253840768279,-1.00641408702622,1.30640428000047,18.9163933990184,2044.4064462538036,83.5275862932799,14.7364,3.3196,11.4168
2023-02-01,Financiero,2.64143441344361,-0.436340313064654,2.21110994000056,11.7335775020736,2044.4064462538036,83.5275862932799,14.7364,3.3196,11.4168
2023-02-01,GNB,0.936748072134453,-2.3098770712234,1.56534399999997,17.2233421952528,2044.4064462538036,83.5275862932799,14.7364,3.3196,11.4168
2023-02-01,ICBC,0.338489033992269,0.762838841695856,11.9700752999998,31.9584957935073,2044.4064462538036,83.5275862932799,14.7364,3.3196,11.4168
2023-02-01,Interbank,12.7265398113711,-0.736567212104156,219.4942745,16.1052683859296,2044.4064462538036,83.5275862932799,14.7364,3.3196,11.4168
2023-02-01,MiBanco,3.95232120484929,-0.435204321992833,36.7039050099996,18.82906017513,2044.4064462538036,83.5275862932799,14.7364,3.3196,11.4168
2023-02-01,Ripley,0.485961930395337,-0.458287058541751,-4.7012075200002,16.4436250947992,2044.4064462538036,83.5275862932799,14.7364,3.3196,11.4168
2023-02-01,Santander,1.75097377282054,2.09936263905406,29.2354390900005,17.0365511673056,2044.4064462538036,83.5275862932799,14.7364,3.3196,11.4168
2023-02-01,Scotiabank,16.306199643902,-0.24600015984575,188.391876439993,14.7192261540834,2044.4064462538036,83.5275862932799,14.7364,3.3196,11.4168
2023-03-01,Azteca,0.188520429351457,4.87980926345952,0.159210410000087,10.0995619220454,2026.1429102380075,83.4669120738554,14.8803,3.4381,11.4422
2023-03-01,BanBif,3.86935801905641,0.0207729027970949,45.6030331900021,14.2083376879284,2026.1429102380075,83.4669120738554,14.8803,3.4381,11.4422
2023-03-01,Citibank,0.569339981337206,1.23828136009414,110.95457702,24.6572317954452,2026.1429102380075,83.4669120738554,14.8803,3.4381,11.4422
2023-03-01,Comercio,0.549948458573339,0.370328282988175,3.35060904000019,12.2081960239628,2026.1429102380075,83.4669120738554,14.8803,3.4381,11.4422
2023-03-01,Continental,20.9948179964787,0.461294853322292,492.610441349996,15.0565371620786,2026.1429102380075,83.4669120738554,14.8803,3.4381,11.4422
2023-03-01,Crédito,33.3574755946683,-0.98048132533145,1331.38913608998,16.4543813430927,2026.1429102380075,83.4669120738554,14.8803,3.4381,11.4422
2023-03-01,Falabella,1.1027888769499,-0.523035154316531,-4.28285869999997,18.7832085085304,2026.1429102380075,83.4669120738554,14.8803,3.4381,11.4422
2023-03-01,Financiero,2.62031966352856,-0.330854913697287,2.94483917999882,12.4215010487589,2026.1429102380075,83.4669120738554,14.8803,3.4381,11.4422
2023-03-01,GNB,0.920545287007586,-1.89042428086424,2.57228759999923,17.4298506337744,2026.1429102380075,83.4669120738554,14.8803,3.4381,11.4422
2023-03-01,ICBC,0.330852872277186,0.1758851583888,15.4838723000002,33.4622078560867,2026.1429102380075,83.4669120738554,14.8803,3.4381,11.4422
2023-03-01,Interbank,12.9753652297527,0.39213061986656,313.968693959995,15.1642312740145,2026.1429102380075,83.4669120738554,14.8803,3.4381,11.4422
2023-03-01,MiBanco,3.94845541447283,-0.180300848014814,59.9014365099998,18.8005205583216,2026.1429102380075,83.4669120738554,14.8803,3.4381,11.4422
2023-03-01,Ripley,0.490621512696771,0.154318079857219,-9.75827922000003,15.8715593283599,2026.1429102380075,83.4669120738554,14.8803,3.4381,11.4422
2023-03-01,Santander,1.81647818551524,3.04642381728122,52.0229643499987,15.8729370907755,2026.1429102380075,83.4669120738554,14.8803,3.4381,11.4422
2023-03-01,Scotiabank,16.1392532529557,-0.261300206782478,304.883623909998,13.8958805699468,2026.1429102380075,83.4669120738554,14.8803,3.4381,11.4422
2023-04-01,Azteca,0.192521092737894,4.19446285987592,0.179877219999849,9.80292083653526,2027.9295570340353,83.5983217105339,15.1693,3.5837,11.5856
2023-04-01,BanBif,3.8282913618747,-0.126887504806916,61.370346570003,14.2385884492926,2027.9295570340353,83.5983217105339,15.1693,3.5837,11.5856
2023-04-01,Citibank,0.525692255335951,-0.965281337426427,141.42527924,25.0352727719847,2027.9295570340353,83.5983217105339,15.1693,3.5837,11.5856
2023-04-01,Comercio,0.546750260640908,0.165759104712482,4.46600032999979,12.3291733532604,2027.9295570340353,83.5983217105339,15.1693,3.5837,11.5856
2023-04-01,Continental,20.9369213249422,0.373155694803562,676.224223619987,15.3621285109451,2027.9295570340353,83.5983217105339,15.1693,3.5837,11.5856
2023-04-01,Crédito,33.3294785240845,-0.649791413269141,1714.41858536003,16.4550518574057,2027.9295570340353,83.5983217105339,15.1693,3.5837,11.5856
2023-04-01,Falabella,1.11114565271177,-0.193831911857867,-18.0343745499998,18.2229470095796,2027.9295570340353,83.5983217105339,15.1693,3.5837,11.5856
2023-04-01,Financiero,2.6026912333845,-0.338087125925446,3.47571373999972,12.2458146016742,2027.9295570340353,83.5983217105339,15.1693,3.5837,11.5856
2023-04-01,GNB,0.910082790740736,-1.63497851805922,3.77775562000006,17.7114802163902,2027.9295570340353,83.5983217105339,15.1693,3.5837,11.5856
2023-04-01,ICBC,0.331214360103364,0.420190191901049,17.3156269700001,34.8445913231648,2027.9295570340353,83.5983217105339,15.1693,3.5837,11.5856
2023-04-01,Interbank,13.0404551427549,0.509129027928301,396.643213859993,15.1214404091569,2027.9295570340353,83.5983217105339,15.1693,3.5837,11.5856
2023-04-01,MiBanco,3.95202888022306,-0.101696837644183,72.9254962399997,18.6931690682856,2027.9295570340353,83.5983217105339,15.1693,3.5837,11.5856
2023-04-01,Ripley,0.496531844775879,0.426456182124846,-14.7043290100001,18.1004616652196,2027.9295570340353,83.5983217105339,15.1693,3.5837,11.5856
2023-04-01,Santander,1.78200510234769,2.00335772630822,68.0915745100008,16.0007106395399,2027.9295570340353,83.5983217105339,15.1693,3.5837,11.5856
2023-04-01,Scotiabank,16.2914667187523,0.133523651975698,382.074930529998,14.1510413826817,2027.9295570340353,83.5983217105339,15.1693,3.5837,11.5856
2023-05-01,Azteca,0.196261341371924,3.66403468441503,0.32361448999992,9.80906053760088,2020.229662809935,83.4777458637866,15.2971,3.7155,11.5816
2023-05-01,BanBif,3.82533938540545,-0.122886076031614,76.6237576100009,14.2738365172138,2020.229662809935,83.4777458637866,15.2971,3.7155,11.5816
2023-05-01,Citibank,0.521386681763163,-0.968316625716759,173.40333885,27.1096864583569,2020.229662809935,83.4777458637866,15.2971,3.7155,11.5816
2023-05-01,Comercio,0.552830887659803,0.300212392729926,4.68204515000018,12.2644676794605,2020.229662809935,83.4777458637866,15.2971,3.7155,11.5816
2023-05-01,Continental,20.8358004768913,0.182156965925828,850.504835760001,15.5310201780459,2020.229662809935,83.4777458637866,15.2971,3.7155,11.5816
2023-05-01,Crédito,33.2602354088506,-0.574746667513615,2170.44403362999,16.8336497401506,2020.229662809935,83.4777458637866,15.2971,3.7155,11.5816
2023-05-01,Falabella,1.11338859101821,-0.188124527273348,-16.3696434699997,18.3757439036784,2020.229662809935,83.4777458637866,15.2971,3.7155,11.5816
2023-05-01,Financiero,2.5878418056821,-0.41935840021321,3.69552327999861,12.3150065425812,2020.229662809935,83.4777458637866,15.2971,3.7155,11.5816
2023-05-01,GNB,0.937906713350074,-0.729214031544634,5.08698524999997,17.7289346030404,2020.229662809935,83.4777458637866,15.2971,3.7155,11.5816
2023-05-01,ICBC,0.327993514544661,0.21583269484271,19.5622381599999,35.222480512188,2020.229662809935,83.4777458637866,15.2971,3.7155,11.5816
2023-05-01,Interbank,13.1849484876815,0.608541219875769,487.033499769993,15.2005409915497,2020.229662809935,83.4777458637866,15.2971,3.7155,11.5816
2023-05-01,MiBanco,3.99379746290979,0.0556935107924206,100.316601290002,18.7235753985213,2020.229662809935,83.4777458637866,15.2971,3.7155,11.5816
2023-05-01,Ripley,0.501452316749276,0.465308936297926,-20.6527961999999,18.1177826858557,2020.229662809935,83.4777458637866,15.2971,3.7155,11.5816
2023-05-01,Santander,1.81741182493381,2.05437034766263,85.125476830001,15.8609966003,2020.229662809935,83.4777458637866,15.2971,3.7155,11.5816
2023-05-01,Scotiabank,16.1967614903632,-0.0293984585654217,489.731743920001,14.4070480085639,2020.229662809935,83.4777458637866,15.2971,3.7155,11.5816
2023-06-01,Azteca,0.201535520154109,3.38723057276551,0.4202771399997,9.71716471133824,2011.060622753459,83.34459978027861,15.539,3.7597,11.7793
2023-06-01,BanBif,3.89510928714115,0.173218680550247,91.6445103300019,14.1022997146426,2011.060622753459,83.34459978027861,15.539,3.7597,11.7793
2023-06-01,Citibank,0.500080050798925,-1.52982921351577,203.574020580001,29.8775215067836,2011.060622753459,83.34459978027861,15.539,3.7597,11.7793
2023-06-01,Comercio,0.559581290458455,0.365895978521835,4.79186148000015,12.2492401681484,2011.060622753459,83.34459978027861,15.539,3.7597,11.7793
2023-06-01,Continental,20.7684583363649,0.0502824529570622,1004.73984737,15.6602106049645,2011.060622753459,83.34459978027861,15.539,3.7597,11.7793
2023-06-01,Crédito,33.1274188192615,-0.579859387329884,2627.43338651001,17.2018545776303,2011.060622753459,83.34459978027861,15.539,3.7597,11.7793
2023-06-01,Falabella,1.11570080648437,-0.231661102231129,-26.3415983199999,18.0253968769701,2011.060622753459,83.34459978027861,15.539,3.7597,11.7793
2023-06-01,Financiero,2.56151337953736,-0.583514064752544,7.51390318999918,12.7552810820857,2011.060622753459,83.34459978027861,15.539,3.7597,11.7793
2023-06-01,GNB,0.939219149234944,-0.634445406711426,6.59785073999908,17.8566019285511,2011.060622753459,83.34459978027861,15.539,3.7597,11.7793
2023-06-01,ICBC,0.313430106953767,-0.526624343289339,22.1990582199994,37.3646872518699,2011.060622753459,83.34459978027861,15.539,3.7597,11.7793
2023-06-01,Interbank,13.3054543049037,0.610981307495928,575.91610528,15.2143470285694,2011.060622753459,83.34459978027861,15.539,3.7597,11.7793
2023-06-01,MiBanco,4.04367806060136,0.144100961172255,130.15814534,18.7872728558148,2011.060622753459,83.34459978027861,15.539,3.7597,11.7793
2023-06-01,Ripley,0.503391768104693,0.34217729364312,-29.7697148299999,17.4848583430898,2011.060622753459,83.34459978027861,15.539,3.7597,11.7793
2023-06-01,Santander,1.87048317186888,2.24212927392291,109.609105840001,15.7033057109984,2011.060622753459,83.34459978027861,15.539,3.7597,11.7793
2023-06-01,Scotiabank,16.1432683197485,-0.126941629049648,560.821813410005,14.3552715143495,2011.060622753459,83.34459978027861,15.539,3.7597,11.7793
2023-07-01,Azteca,0.210670787249845,3.51877911945462,0.427389389999968,9.2066010610328,2019.7060846383677,83.3155132828262,15.6423,3.8658,11.7765
2023-07-01,BanBif,3.91924822977126,0.23346132550468,106.986513399997,14.6326667413778,2019.7060846383677,83.3155132828262,15.6423,3.8658,11.7765
2023-07-01,Citibank,0.525661355624491,-0.652863281074978,252.1564881,30.8769769214371,2019.7060846383677,83.3155132828262,15.6423,3.8658,11.7765
2023-07-01,Comercio,0.563365839306888,0.387755861545003,2.27408368999996,12.2544067216658,2019.7060846383677,83.3155132828262,15.6423,3.8658,11.7765
2023-07-01,Continental,20.6415436630123,-0.0571564869958019,1171.42250832001,15.7861532071307,2019.7060846383677,83.3155132828262,15.6423,3.8658,11.7765
2023-07-01,Crédito,33.4459898580818,-0.369159868045221,3018.52155513005,17.3745818660299,2019.7060846383677,83.3155132828262,15.6423,3.8658,11.7765
2023-07-01,Falabella,1.1197255614346,-0.177461554460279,-26.4023670900004,18.1576890230455,2019.7060846383677,83.3155132828262,15.6423,3.8658,11.7765
2023-07-01,Financiero,2.5312794718663,-0.689593062607163,7.57930407999853,12.8574073591712,2019.7060846383677,83.3155132828262,15.6423,3.8658,11.7765
2023-07-01,GNB,0.941794653000239,-0.514509398100116,8.21945474999987,17.910456262985,2019.7060846383677,83.3155132828262,15.6423,3.8658,11.7765
2023-07-01,ICBC,0.322447631763673,-0.0245159566147901,24.72585176,36.9619993004379,2019.7060846383677,83.3155132828262,15.6423,3.8658,11.7765
2023-07-01,Interbank,13.2865672958032,0.493414085705024,628.416026069998,15.2117450969571,2019.7060846383677,83.3155132828262,15.6423,3.8658,11.7765
2023-07-01,MiBanco,3.99569145507456,-0.0772630125046581,161.085546600001,19.1453726266718,2019.7060846383677,83.3155132828262,15.6423,3.8658,11.7765
2023-07-01,Ripley,0.501164926570868,0.199389977235809,-35.0276112400001,17.5009520977546,2019.7060846383677,83.3155132828262,15.6423,3.8658,11.7765
2023-07-01,Santander,1.86268712314235,1.88245554401245,128.072027650001,16.1148327727114,2019.7060846383677,83.3155132828262,15.6423,3.8658,11.7765
2023-07-01,Scotiabank,15.9414124659289,-0.303623857850743,614.929373420008,14.4980729618738,2019.7060846383677,83.3155132828262,15.6423,3.8658,11.7765
2023-08-01,Azteca,0.132361136689854,3.24959983380433,0.579669200000033,9.59787694817021,2074.0150302005745,83.7106128395421,15.7516,3.9045,11.8471
2023-08-01,BanBif,3.85211053913145,0.268809213740617,122.875770879997,14.5787323265294,2074.0150302005745,83.7106128395421,15.7516,3.9045,11.8471
2023-08-01,Citibank,0.587025751064009,-0.427683756047004,302.629737589999,30.8352500673896,2074.0150302005745,83.7106128395421,15.7516,3.9045,11.8471
2023-08-01,Comercio,0.517292405690916,0.310095643568831,1.22641942000024,12.2973827265673,2074.0150302005745,83.7106128395421,15.7516,3.9045,11.8471
2023-08-01,Continental,20.6190944280999,-0.0295679202747978,1315.56740881999,15.8746577843679,2074.0150302005745,83.7106128395421,15.7516,3.9045,11.8471
2023-08-01,Crédito,34.4476610892846,-0.442407763649433,3421.90116832,17.5389940597301,2074.0150302005745,83.7106128395421,15.7516,3.9045,11.8471
2023-08-01,Falabella,1.04034453293001,-0.370510895475207,-34.2940582900003,18.2648898521762,2074.0150302005745,83.7106128395421,15.7516,3.9045,11.8471
2023-08-01,Financiero,2.60221683018963,-0.559982819289384,7.69932548999946,12.7324066031669,2074.0150302005745,83.7106128395421,15.7516,3.9045,11.8471
2023-08-01,GNB,0.971358782597906,-0.0849245608588456,10.0520492500006,17.1946217581245,2074.0150302005745,83.7106128395421,15.7516,3.9045,11.8471
2023-08-01,ICBC,0.331292029313517,-0.129547439430555,30.6081199400002,35.4851665116268,2074.0150302005745,83.7106128395421,15.7516,3.9045,11.8471
2023-08-01,Interbank,12.2576703637872,0.467472225216503,686.817987529999,15.06611946116,2074.0150302005745,83.7106128395421,15.7516,3.9045,11.8471
2023-08-01,MiBanco,3.94269835038578,-0.184578991382045,195.06149314,19.4394127221755,2074.0150302005745,83.7106128395421,15.7516,3.9045,11.8471
2023-08-01,Ripley,0.443584143102217,-0.1625021607496,-40.4568921700002,17.5049797839752,2074.0150302005745,83.7106128395421,15.7516,3.9045,11.8471
2023-08-01,Santander,1.83078411454026,1.82911158292007,147.83605953,15.6999703881089,2074.0150302005745,83.7106128395421,15.7516,3.9045,11.8471
2023-08-01,Scotiabank,16.3861869583704,-0.187905030176638,679.296214620002,14.6359568046809,2074.0150302005745,83.7106128395421,15.7516,3.9045,11.8471
2023-09-01,Azteca,0.214636353850399,3.06844474748271,-2.68107545000015,9.72966605758593,2014.8392344280487,83.2508286306584,15.9513,3.963,11.988299999999999
2023-09-01,BanBif,3.95852969229962,0.219614605117413,139.56378796,14.4156390265732,2014.8392344280487,83.2508286306584,15.9513,3.963,11.988299999999999
2023-09-01,Citibank,0.548610667779747,-0.0492268130714679,327.96994664,23.2888383909977,2014.8392344280487,83.2508286306584,15.9513,3.963,11.988299999999999
2023-09-01,Comercio,0.552264455171097,0.156208731939578,1.48974802999962,12.5139279471183,2014.8392344280487,83.2508286306584,15.9513,3.963,11.988299999999999
2023-09-01,Continental,20.9152734639951,0.078961437281766,1475.74661759,15.8741451468534,2014.8392344280487,83.2508286306584,15.9513,3.963,11.988299999999999
2023-09-01,Crédito,33.3234057272936,-0.374275068146168,3754.99369276996,17.5122338840215,2014.8392344280487,83.2508286306584,15.9513,3.963,11.988299999999999
2023-09-01,Falabella,1.06755867597008,-0.541608861165743,-27.2149809500002,18.5445924007499,2014.8392344280487,83.2508286306584,15.9513,3.963,11.988299999999999
2023-09-01,Financiero,2.56738191552373,-0.365482444988219,9.12826504000083,12.4699839863215,2014.8392344280487,83.2508286306584,15.9513,3.963,11.988299999999999
2023-09-01,GNB,0.996777059251899,0.220821018157502,11.3568134200001,16.6065797617459,2014.8392344280487,83.2508286306584,15.9513,3.963,11.988299999999999
2023-09-01,ICBC,0.323264637736007,-0.27282815514128,36.7489320499998,36.5175639948132,2014.8392344280487,83.2508286306584,15.9513,3.963,11.988299999999999
2023-09-01,Interbank,13.4308088455687,0.486087882563968,745.276688510011,15.0230009343697,2014.8392344280487,83.2508286306584,15.9513,3.963,11.988299999999999
2023-09-01,MiBanco,3.82755995008738,-0.412488193471827,203.061225510001,19.7849578179872,2014.8392344280487,83.2508286306584,15.9513,3.963,11.988299999999999
2023-09-01,Ripley,0.471954305818718,-0.386378329216541,-46.8193759600001,17.3528059953942,2014.8392344280487,83.2508286306584,15.9513,3.963,11.988299999999999
2023-09-01,Santander,1.93707314339932,1.66504813277106,168.716086559999,15.7558788734363,2014.8392344280487,83.2508286306584,15.9513,3.963,11.988299999999999
2023-09-01,Scotiabank,15.581340593801,-0.508165998193444,733.332290540006,14.7683737375982,2014.8392344280487,83.2508286306584,15.9513,3.963,11.988299999999999
2023-10-01,Azteca,0.196284680584101,1.85204021919312,0.301544239999988,10.9839511439119,2018.8958044513543,83.2985995508739,15.9116,3.9019,12.0097
2023-10-01,BanBif,4.04271095716542,0.376081214145385,156.480457939998,14.1746444255336,2018.8958044513543,83.2985995508739,15.9116,3.9019,12.0097
2023-10-01,Citibank,0.560485471862787,0.150810938687673,362.72488894,24.398658786272,2018.8958044513543,83.2985995508739,15.9116,3.9019,12.0097
2023-10-01,Comercio,0.553254720448479,0.157574305589914,-1.70062576999985,12.4619056972207,2018.8958044513543,83.2985995508739,15.9116,3.9019,12.0097
2023-10-01,Continental,21.0876331034183,0.130120618540919,1618.20275710999,15.5625375864943,2018.8958044513543,83.2985995508739,15.9116,3.9019,12.0097
2023-10-01,Crédito,33.3291044048396,-0.363496241802364,4071.13252404003,17.1687144207617,2018.8958044513543,83.2985995508739,15.9116,3.9019,12.0097
2023-10-01,Falabella,1.07336088450568,-0.424460281716865,-36.1975468599997,18.4914511553822,2018.8958044513543,83.2985995508739,15.9116,3.9019,12.0097
2023-10-01,Financiero,2.52668789780873,-0.502141509592224,9.39186004000009,12.7241532626532,2018.8958044513543,83.2985995508739,15.9116,3.9019,12.0097
2023-10-01,GNB,1.01576891982058,0.368230687340376,13.1802818299996,16.2106278721912,2018.8958044513543,83.2985995508739,15.9116,3.9019,12.0097
2023-10-01,ICBC,0.301937131863984,-1.00310191309237,41.9963380599998,38.0875439054487,2018.8958044513543,83.2985995508739,15.9116,3.9019,12.0097
2023-10-01,Interbank,13.3378094334176,0.344589833960285,789.479460849993,15.154135764059,2018.8958044513543,83.2985995508739,15.9116,3.9019,12.0097
2023-10-01,MiBanco,3.79322474928371,-0.452045963162273,214.431647889998,19.9150936324011,2018.8958044513543,83.2985995508739,15.9116,3.9019,12.0097
2023-10-01,Ripley,0.470767716605391,-0.363711571615688,-54.12686303,16.999016866263,2018.8958044513543,83.2985995508739,15.9116,3.9019,12.0097
2023-10-01,Santander,1.89524238996713,1.20517154416733,192.24728358,15.9456131301867,2018.8958044513543,83.2985995508739,15.9116,3.9019,12.0097
2023-10-01,Scotiabank,15.5440526091984,-0.504094509123298,536.514807250002,14.9235591569206,2018.8958044513543,83.2985995508739,15.9116,3.9019,12.0097
2023-11-01,Azteca,0.200357396444399,2.0042882888456,-1.58656792000007,10.9273638686306,2023.6077687554043,83.26830312294771,15.876,3.7447,12.1313
2023-11-01,BanBif,4.0812771524825,0.508388251601954,170.913891489996,14.5228588238626,2023.6077687554043,83.26830312294771,15.876,3.7447,12.1313
2023-11-01,Citibank,0.570455862285496,0.334720862702187,397.962009910001,24.6148117785853,2023.6077687554043,83.26830312294771,15.876,3.7447,12.1313
2023-11-01,Comercio,0.546818207596426,0.00443427980036937,-2.35832612000038,12.4873897707111,2023.6077687554043,83.26830312294771,15.876,3.7447,12.1313
2023-11-01,Continental,21.2688471163031,0.230801304660422,1740.71005339,15.5845384768957,2023.6077687554043,83.26830312294771,15.876,3.7447,12.1313
2023-11-01,Crédito,33.4133098039645,-0.310556000548079,4415.02613290999,17.5373293478108,2023.6077687554043,83.26830312294771,15.876,3.7447,12.1313
2023-11-01,Falabella,1.07234081521415,-0.491619661615805,-44.4029450600003,18.569414110589,2023.6077687554043,83.26830312294771,15.876,3.7447,12.1313
2023-11-01,Financiero,2.51528087272366,-0.553133599686295,6.51443736999901,12.529133368004,2023.6077687554043,83.26830312294771,15.876,3.7447,12.1313
2023-11-01,GNB,1.05553233601117,0.762610080547188,15.0515516999996,15.3143876212475,2023.6077687554043,83.26830312294771,15.876,3.7447,12.1313
2023-11-01,ICBC,0.276655299792482,-1.71572650735271,50.3635910099997,39.2396441300986,2023.6077687554043,83.26830312294771,15.876,3.7447,12.1313
2023-11-01,Interbank,13.28739387062,0.320543887222535,834.847886939995,15.2707036198516,2023.6077687554043,83.26830312294771,15.876,3.7447,12.1313
2023-11-01,MiBanco,3.81172489706592,-0.46096342460914,228.226823349997,20.1749574575794,2023.6077687554043,83.26830312294771,15.876,3.7447,12.1313
2023-11-01,Ripley,0.468874087657854,-0.461587326903479,-64.1795534999999,16.3616346046178,2023.6077687554043,83.26830312294771,15.876,3.7447,12.1313
2023-11-01,Santander,1.85748619556998,1.12103818858733,211.328260490001,17.0810872866438,2023.6077687554043,83.26830312294771,15.876,3.7447,12.1313
2023-11-01,Scotiabank,15.2987523320601,-0.650052652359345,621.295600490003,14.9972157068667,2023.6077687554043,83.26830312294771,15.876,3.7447,12.1313
2023-12-01,Azteca,0.205381706691818,1.88347807565412,0.214475259999992,12.5534706658631,2032.933299509856,83.36871594742601,15.8642,3.5484,12.3158
2023-12-01,BanBif,4.02372637381553,0.326479698643678,179.872825089997,14.655883922866,2032.933299509856,83.36871594742601,15.8642,3.5484,12.3158
2023-12-01,Citibank,0.562088990051768,0.1761200396315,423.135070859999,27.4606890527582,2032.933299509856,83.36871594742601,15.8642,3.5484,12.3158
2023-12-01,Comercio,0.53869138828693,-0.116769341521394,4.14972492999985,12.989702204916,2032.933299509856,83.36871594742601,15.8642,3.5484,12.3158
2023-12-01,Continental,21.3957857833208,0.257493611374482,1869.1027594,15.5875825465503,2032.933299509856,83.36871594742601,15.8642,3.5484,12.3158
2023-12-01,Crédito,33.5784927990976,-0.199086043322805,4664.50805329,17.4576637931697,2032.933299509856,83.36871594742601,15.8642,3.5484,12.3158
2023-12-01,Falabella,1.079312980038,-0.357461991070396,-45.8010261299996,18.3811150004769,2032.933299509856,83.36871594742601,15.8642,3.5484,12.3158
2023-12-01,Financiero,2.4988839549341,-0.506838643011431,0.630604070000234,12.4648860322317,2032.933299509856,83.36871594742601,15.8642,3.5484,12.3158
2023-12-01,GNB,1.0283809721277,0.421315615211704,20.0836332600004,15.419892898331,2032.933299509856,83.36871594742601,15.8642,3.5484,12.3158
2023-12-01,ICBC,0.298839698978298,-0.755390099527486,54.0947923399998,39.815804101796,2032.933299509856,83.36871594742601,15.8642,3.5484,12.3158
2023-12-01,Interbank,13.3761056646769,0.338753432642092,900.497958630007,15.4524050218267,2032.933299509856,83.36871594742601,15.8642,3.5484,12.3158
2023-12-01,MiBanco,3.76370108810241,-0.490815267337585,265.940574680001,20.6063605026463,2032.933299509856,83.36871594742601,15.8642,3.5484,12.3158
2023-12-01,Ripley,0.466858702823624,-0.421968788889315,-83.2492985999997,15.3245195045248,2032.933299509856,83.36871594742601,15.8642,3.5484,12.3158
2023-12-01,Santander,1.84110854713927,0.896504746313642,221.271141869999,17.4364254309127,2032.933299509856,83.36871594742601,15.8642,3.5484,12.3158
2023-12-01,Scotiabank,15.0183317003307,-0.682175717403877,736.925017430007,14.9475217295404,2032.933299509856,83.36871594742601,15.8642,3.5484,12.3158
2024-01-01,Azteca,0.212362631486756,2.36272058952738,0.176371109999804,13.1324366763022,2019.5589010273338,83.25076190233301,15.8087,3.4516,12.357099999999999
2024-01-01,BanBif,4.07351057284717,-0.455889846311841,14.7198403699963,14.6911271019908,2019.5589010273338,83.25076190233301,15.8087,3.4516,12.357099999999999
2024-01-01,Citibank,0.557865539470496,-2.20440255311478,43.2111062999985,27.4428939020776,2019.5589010273338,83.25076190233301,15.8087,3.4516,12.357099999999999
2024-01-01,Comercio,0.546802589446357,0.504526304448349,0.264511819999828,13.0595910782241,2019.5589010273338,83.25076190233301,15.8087,3.4516,12.357099999999999
2024-01-01,Continental,21.3975339412626,-1.47094900325102,117.065456919995,15.7594780128567,2019.5589010273338,83.25076190233301,15.8087,3.4516,12.357099999999999
2024-01-01,Crédito,33.2920038724542,-2.42697381322832,483.344326040006,18.0175077169265,2019.5589010273338,83.25076190233301,15.8087,3.4516,12.357099999999999
2024-01-01,Falabella,1.04408450968853,-4.03020311938211,-0.42525218999983,18.5841665571394,2019.5589010273338,83.25076190233301,15.8087,3.4516,12.357099999999999
2024-01-01,Financiero,2.54220619594932,0.444151616327271,-23.705164300001,12.356391596962,2019.5589010273338,83.25076190233301,15.8087,3.4516,12.357099999999999
2024-01-01,GNB,1.04536673986122,0.315854015929551,1.52586447000064,15.2016000544047,2019.5589010273338,83.25076190233301,15.8087,3.4516,12.357099999999999
2024-01-01,ICBC,0.29994721578912,-2.35705767188229,4.75274985000016,40.0712944236138,2019.5589010273338,83.25076190233301,15.8087,3.4516,12.357099999999999
2024-01-01,Interbank,13.401161104942,-1.27325307081448,26.591458239993,16.3738067420702,2019.5589010273338,83.25076190233301,15.8087,3.4516,12.357099999999999
2024-01-01,MiBanco,3.75237700094746,-1.09354558967052,32.7062869600014,20.9860944875777,2019.5589010273338,83.25076190233301,15.8087,3.4516,12.357099999999999
2024-01-01,Ripley,0.448621651837749,-4.66734273421275,-5.70153340999999,15.4865246038439,2019.5589010273338,83.25076190233301,15.8087,3.4516,12.357099999999999
2024-01-01,Santander,1.91369255042733,1.42519892588611,25.5548254199981,17.0515297343664,2019.5589010273338,83.25076190233301,15.8087,3.4516,12.357099999999999
2024-01-01,Scotiabank,15.1600629836742,-0.499607101229904,82.2502573900006,15.1141168656353,2019.5589010273338,83.25076190233301,15.8087,3.4516,12.357099999999999
2024-02-01,Azteca,0.218010832548663,2.16456867148298,0.19642644000033,13.4867348389286,2025.833667115636,83.2802634443064,15.7303,3.3383,12.392
2024-02-01,BanBif,4.1214829692071,0.103179016292776,25.9407340799993,14.4898249631919,2025.833667115636,83.2802634443064,15.7303,3.3383,12.392
2024-02-01,Citibank,0.580933632159105,0.659656870620839,69.2245120899999,25.6451139502087,2025.833667115636,83.2802634443064,15.7303,3.3383,12.392
2024-02-01,Comercio,0.547470697316002,-0.0328253762671538,0.535543439999622,13.2282380689378,2025.833667115636,83.2802634443064,15.7303,3.3383,12.392
2024-02-01,Continental,21.6569100768356,-0.415790198022126,199.102302970001,16.0418524562143,2025.833667115636,83.2802634443064,15.7303,3.3383,12.392
2024-02-01,Crédito,33.3332686837262,-1.41757404590684,883.188842509975,18.2781963543558,2025.833667115636,83.2802634443064,15.7303,3.3383,12.392
2024-02-01,Falabella,1.03182969581266,-2.96952151323328,0.0244497200001955,18.8756529918444,2025.833667115636,83.2802634443064,15.7303,3.3383,12.392
2024-02-01,Financiero,2.55802851510255,0.225014398209589,-34.1966606499995,12.0731539167429,2025.833667115636,83.2802634443064,15.7303,3.3383,12.392
2024-02-01,GNB,1.05178717877302,0.173573548889339,2.58100787000017,15.1436252912383,2025.833667115636,83.2802634443064,15.7303,3.3383,12.392
2024-02-01,ICBC,0.29115528287186,-2.8127937766984,8.54109564999995,39.7674983663561,2025.833667115636,83.2802634443064,15.7303,3.3383,12.392
2024-02-01,Interbank,13.3227093106981,-1.20847632734591,88.6461620600051,16.4107242642333,2025.833667115636,83.2802634443064,15.7303,3.3383,12.392
2024-02-01,MiBanco,3.76183024071712,-0.787795556405724,48.7548914800024,21.1678081450317,2025.833667115636,83.2802634443064,15.7303,3.3383,12.392
2024-02-01,Ripley,0.438135646631988,-3.8632027785906,-10.38427105,15.5537742278516,2025.833667115636,83.2802634443064,15.7303,3.3383,12.392
2024-02-01,Santander,1.83692804615924,-1.50487629455163,64.662130320002,18.0384410531182,2025.833667115636,83.2802634443064,15.7303,3.3383,12.392
2024-02-01,Scotiabank,14.9673753730465,-1.15878121499418,161.019247499996,15.4164128688854,2025.833667115636,83.2802634443064,15.7303,3.3383,12.392
2024-03-01,Azteca,0.224076770183008,3.69534273685841,0.330688880000103,13.0446579041707,2015.4703675715875,83.28591357155511,15.76,3.2448,12.5152
2024-03-01,BanBif,4.09439140118632,0.111129628062234,40.7334088599992,14.1981540593223,2015.4703675715875,83.28591357155511,15.76,3.2448,12.5152
2024-03-01,Citibank,0.619933766779601,4.22596529379204,86.19307251,25.9089560561919,2015.4703675715875,83.28591357155511,15.76,3.2448,12.5152
2024-03-01,Comercio,0.542450754441632,-0.379513616543303,0.808905289999891,13.3251660564774,2015.4703675715875,83.28591357155511,15.76,3.2448,12.5152
2024-03-01,Continental,22.1189240928219,0.913522947056489,350.101603510003,15.1479619602824,2015.4703675715875,83.28591357155511,15.76,3.2448,12.5152
2024-03-01,Crédito,32.8776545605036,-1.79402620643098,1272.33419715,16.1214494123385,2015.4703675715875,83.28591357155511,15.76,3.2448,12.5152
2024-03-01,Falabella,1.02535632416305,-3.22891855605277,0.389895250000127,17.9704103372955,2015.4703675715875,83.28591357155511,15.76,3.2448,12.5152
2024-03-01,Financiero,2.55963282565638,0.460196885184061,-37.1190316300005,11.8248895416543,2015.4703675715875,83.28591357155511,15.76,3.2448,12.5152
2024-03-01,GNB,1.06755357777869,1.13422574935866,4.67160600000043,14.7124358257137,2015.4703675715875,83.28591357155511,15.76,3.2448,12.5152
2024-03-01,ICBC,0.260249242913827,-7.442322145147,10.1121468399995,41.4881645571547,2015.4703675715875,83.28591357155511,15.76,3.2448,12.5152
2024-03-01,Interbank,13.3722188865845,-0.761020226070031,124.959678450004,15.1142395742291,2015.4703675715875,83.28591357155511,15.76,3.2448,12.5152
2024-03-01,MiBanco,3.76073752046031,-0.754630916600973,79.2585451699994,18.0333673422127,2015.4703675715875,83.28591357155511,15.76,3.2448,12.5152
2024-03-01,Ripley,0.426182551142946,-5.13914867476456,-15.18385232,15.1514742101667,2015.4703675715875,83.28591357155511,15.76,3.2448,12.5152
2024-03-01,Santander,1.82173820457395,-1.31960715496758,71.7871527899979,16.8107661081194,2015.4703675715875,83.28591357155511,15.76,3.2448,12.5152
2024-03-01,Scotiabank,14.9171160316451,-1.079130972142,230.215825629994,14.5934656727206,2015.4703675715875,83.28591357155511,15.76,3.2448,12.5152
2024-04-01,Azteca,0.222298696915423,1.9167544553778,0.355557599999927,13.4585704692465,2044.9862378657724,83.5976870325679,15.734,3.1577,12.5763
2024-04-01,BanBif,4.03314298797479,-0.088316239880093,56.0108541199957,14.2171405866211,2044.9862378657724,83.5976870325679,15.734,3.1577,12.5763
2024-04-01,Citibank,0.588060291895677,0.999556576358285,117.31005616,27.1773695378013,2044.9862378657724,83.5976870325679,15.734,3.1577,12.5763
2024-04-01,Comercio,0.52954884089167,-0.507473925283597,1.63828022999994,13.5300974561387,2044.9862378657724,83.5976870325679,15.734,3.1577,12.5763
2024-04-01,Continental,21.7686479739772,0.300301335229225,509.700972180022,15.5674700990644,2044.9862378657724,83.5976870325679,15.734,3.1577,12.5763
2024-04-01,Crédito,33.5993383996441,-0.126125979946679,1693.62576219998,15.9862988803988,2044.9862378657724,83.5976870325679,15.734,3.1577,12.5763
2024-04-01,Falabella,1.01150748136748,-1.66884054782147,3.15773448999981,18.812459125008,2044.9862378657724,83.5976870325679,15.734,3.1577,12.5763
2024-04-01,Financiero,2.51534370108007,0.0515268747872444,-24.9896711700001,12.182724616257,2044.9862378657724,83.5976870325679,15.734,3.1577,12.5763
2024-04-01,GNB,1.06723505975108,0.819389024227846,11.1709558799986,14.706740318886,2044.9862378657724,83.5976870325679,15.734,3.1577,12.5763
2024-04-01,ICBC,0.286539758602872,-1.29791672592119,11.7035909900003,39.7928673334258,2044.9862378657724,83.5976870325679,15.734,3.1577,12.5763
2024-04-01,Interbank,13.297971451535,-0.273448795216813,169.018581820005,15.1861067394318,2044.9862378657724,83.5976870325679,15.734,3.1577,12.5763
2024-04-01,MiBanco,3.69443099351606,-0.524154921691489,103.60222447,18.3329279952275,2044.9862378657724,83.5976870325679,15.734,3.1577,12.5763
2024-04-01,Ripley,0.410749745672884,-3.20927260949549,-20.4690361299997,15.4690522994119,2044.9862378657724,83.5976870325679,15.734,3.1577,12.5763
2024-04-01,Santander,1.7531262957811,-1.44047025188242,91.2709376699999,17.8228909008752,2044.9862378657724,83.5976870325679,15.734,3.1577,12.5763
2024-04-01,Scotiabank,14.9317292074116,-0.265577820791174,281.115616069997,14.7587265792489,2044.9862378657724,83.5976870325679,15.734,3.1577,12.5763
2024-05-01,Azteca,0.21,1.23,0.51079897,14.3,1974.7503999999997,82.1,15.7542,3.0468,12.7074
2024-05-01,BanBif,3.99,0.19,71.51309983,14.33,1974.7503999999997,82.1,15.7542,3.0468,12.7074
2024-05-01,Citibank,0.6,1.6,157.33900347,26.73,1974.7503999999997,82.1,15.7542,3.0468,12.7074
2024-05-01,Comercio,0.52,-0.45,2.18708774,13.71,1974.7503999999997,82.1,15.7542,3.0468,12.7074
2024-05-01,Continental,21.13,0.1,640.24686888,16.09,1974.7503999999997,82.1,15.7542,3.0468,12.7074
2024-05-01,Crédito,33.17,0.1,2110.27143669,16.2,1974.7503999999997,82.1,15.7542,3.0468,12.7074
2024-05-01,Falabella,0.98,-1.46,7.68511567,19.18,1974.7503999999997,82.1,15.7542,3.0468,12.7074
2024-05-01,Financiero,2.42,-0.32,-29.7139451,12.79,1974.7503999999997,82.1,15.7542,3.0468,12.7074
2024-05-01,GNB,1.03,0.49,15.86774179,14.55,1974.7503999999997,82.1,15.7542,3.0468,12.7074
2024-05-01,ICBC,0.27,-1.7,14.74395803,41.89,1974.7503999999997,82.1,15.7542,3.0468,12.7074
2024-05-01,Interbank,13.14,-0.01,222.2758777,15.16,1974.7503999999997,82.1,15.7542,3.0468,12.7074
2024-05-01,MiBanco,3.59,-0.52,121.91764902,18.5,1974.7503999999997,82.1,15.7542,3.0468,12.7074
2024-05-01,Ripley,0.4,-2.74,-25.67962433,15.27,1974.7503999999997,82.1,15.7542,3.0468,12.7074
2024-05-01,Santander,1.69,-1.44,108.67520021,17.52,1974.7503999999997,82.1,15.7542,3.0468,12.7074
2024-05-01,Scotiabank,14.66,-0.13,72.89058109,15.16,1974.7503999999997,82.1,15.7542,3.0468,12.7074
2024-06-01,Azteca,0.2,0.31,0.62970375,16.09,1981.0283000000004,82.28,15.6527,2.9473,12.7054
2024-06-01,BanBif,4.02,0.29,89.18886153,14.12,1981.0283000000004,82.28,15.6527,2.9473,12.7054
2024-06-01,Citibank,0.56,0.36,203.17680846,21.66,1981.0283000000004,82.28,15.6527,2.9473,12.7054
2024-06-01,Comercio,0.5,-0.71,2.79035363,13.95,1981.0283000000004,82.28,15.6527,2.9473,12.7054
2024-06-01,Continental,21.48,0.4,803.39104041,15.94,1981.0283000000004,82.28,15.6527,2.9473,12.7054
2024-06-01,Crédito,33.1,0.06,2548.2353999,16.24,1981.0283000000004,82.28,15.6527,2.9473,12.7054
2024-06-01,Falabella,0.96,-1.47,12.05771129,19.02,1981.0283000000004,82.28,15.6527,2.9473,12.7054
2024-06-01,Financiero,2.39,-0.35,-32.82209509,13.44,1981.0283000000004,82.28,15.6527,2.9473,12.7054
2024-06-01,GNB,1.04,0.6,19.06968606,14.53,1981.0283000000004,82.28,15.6527,2.9473,12.7054
2024-06-01,ICBC,0.28,-0.8,17.25822475,38.89,1981.0283000000004,82.28,15.6527,2.9473,12.7054
2024-06-01,Interbank,13.33,0.28,288.68720817,14.98,1981.0283000000004,82.28,15.6527,2.9473,12.7054
2024-06-01,MiBanco,3.5,-0.73,130.79287169,18.95,1981.0283000000004,82.28,15.6527,2.9473,12.7054
2024-06-01,Ripley,0.38,-2.73,-28.48871979,14.72,1981.0283000000004,82.28,15.6527,2.9473,12.7054
2024-06-01,Santander,1.7,-1.21,119.96370036,16.86,1981.0283000000004,82.28,15.6527,2.9473,12.7054
2024-06-01,Scotiabank,14.37,-0.39,197.64264234,14.66,1981.0283000000004,82.28,15.6527,2.9473,12.7054
2024-07-01,Azteca,0.2018995729993,-0.294287510095337,0.740464560000182,16.626192223905,2045.702676143933,83.83883942853069,15.081,2.7852,12.2958
2024-07-01,BanBif,4.12069307560287,0.281296997971459,106.073341460001,14.3761749102461,2045.702676143933,83.83883942853069,15.081,2.7852,12.2958
2024-07-01,Citibank,0.535220386799364,-0.753158123317921,236.03199858,25.6378635314487,2045.702676143933,83.83883942853069,15.081,2.7852,12.2958
2024-07-01,Comercio,0.516404882197776,-0.651934940873766,2.08156465000026,14.0901852814322,2045.702676143933,83.83883942853069,15.081,2.7852,12.2958
2024-07-01,Continental,21.9624487164299,0.317801725648215,988.50893682,16.0681519757497,2045.702676143933,83.83883942853069,15.081,2.7852,12.2958
2024-07-01,Crédito,33.4187641121434,-0.125978730104648,3055.46862087998,16.6988064532696,2045.702676143933,83.83883942853069,15.081,2.7852,12.2958
2024-07-01,Falabella,0.97262837613559,-1.52317531111755,35.1583500000001,20.4801208306008,2045.702676143933,83.83883942853069,15.081,2.7852,12.2958
2024-07-01,Financiero,2.3859054651833,-0.713062279062171,-32.058317609999,13.5855914229287,2045.702676143933,83.83883942853069,15.081,2.7852,12.2958
2024-07-01,GNB,1.0713842760169,0.532136116111515,22.0969026100004,14.8291602364388,2045.702676143933,83.83883942853069,15.081,2.7852,12.2958
2024-07-01,ICBC,0.336250501961097,1.62410637087862,18.24495851,36.7803474312737,2045.702676143933,83.83883942853069,15.081,2.7852,12.2958
2024-07-01,Interbank,13.6263577429325,0.209272602090205,377.826493449996,15.436083529623,2045.702676143933,83.83883942853069,15.081,2.7852,12.2958
2024-07-01,MiBanco,3.52217166371401,-0.99066016651288,149.11835256,19.6478677018154,2045.702676143933,83.83883942853069,15.081,2.7852,12.2958
2024-07-01,Ripley,0.385713831113622,-2.73748331713917,-24.19073365,16.0893677084699,2045.702676143933,83.83883942853069,15.081,2.7852,12.2958
2024-07-01,Santander,1.69340156596051,-1.25481168522216,136.116733979999,18.5257222912338,2045.702676143933,83.83883942853069,15.081,2.7852,12.2958
2024-07-01,Scotiabank,14.8312688570249,-0.23418945149184,318.002752909998,15.6512469795202,2045.702676143933,83.83883942853069,15.081,2.7852,12.2958
2024-08-01,Azteca,0.19882145104675,-0.440316007014174,0.973367209999866,16.7908244559138,2045.8048274363168,83.992155595385,14.9261,2.6448,12.2813
2024-08-01,BanBif,4.11224801811868,0.203998040388775,124.427639379999,14.4545785040941,2045.8048274363168,83.992155595385,14.9261,2.6448,12.2813
2024-08-01,Citibank,0.52379581554641,-0.941209493860062,289.52412131,32.2296297350702,2045.8048274363168,83.992155595385,14.9261,2.6448,12.2813
2024-08-01,Comercio,0.511494558063355,-0.680878439889332,2.49956711999991,14.0614468308252,2045.8048274363168,83.992155595385,14.9261,2.6448,12.2813
2024-08-01,Continental,22.0971001009627,0.347396411339918,1147.32751951001,16.3004981057759,2045.8048274363168,83.992155595385,14.9261,2.6448,12.2813
2024-08-01,Crédito,33.2756175789524,-0.17640854181008,3561.38888271,17.1542365578921,2045.8048274363168,83.992155595385,14.9261,2.6448,12.2813
2024-08-01,Falabella,0.936982958356987,-1.77747296013575,48.2739260099998,21.3123671823793,2045.8048274363168,83.992155595385,14.9261,2.6448,12.2813
2024-08-01,Financiero,2.39351970226636,-0.587867415537824,-29.5530200400012,13.2505625943353,2045.8048274363168,83.992155595385,14.9261,2.6448,12.2813
2024-08-01,GNB,1.11468586154396,0.960435909271329,29.8138791000006,14.5966715859774,2045.8048274363168,83.992155595385,14.9261,2.6448,12.2813
2024-08-01,ICBC,0.333806133556857,1.26282920282252,23.4766037700001,36.9449354250057,2045.8048274363168,83.992155595385,14.9261,2.6448,12.2813
2024-08-01,Interbank,13.8269615413823,0.35946874293582,482.173096799999,15.6672307669289,2045.8048274363168,83.992155595385,14.9261,2.6448,12.2813
2024-08-01,MiBanco,3.46821217197552,-1.04246503711454,170.04242617,20.0384321837824,2045.8048274363168,83.992155595385,14.9261,2.6448,12.2813
2024-08-01,Ripley,0.376472328864593,-2.6790046529794,-21.3177438500002,16.3445621806987,2045.8048274363168,83.992155595385,14.9261,2.6448,12.2813
2024-08-01,Santander,1.6238510612971,-1.65909606550655,159.403316229999,19.4147480478573,2045.8048274363168,83.992155595385,14.9261,2.6448,12.2813
2024-08-01,Scotiabank,14.7924763740876,-0.241512273923383,448.555898260008,15.9234662640998,2045.8048274363168,83.992155595385,14.9261,2.6448,12.2813
2024-09-01,Azteca,0.201690025248202,-0.265912510469835,1.01806459000013,16.589676874824,2053.7384963301456,84.069606546817,14.7177,2.6053,12.112400000000001
2024-09-01,BanBif,4.08772088871237,0.110654315529368,143.215588800003,14.604310792971,2053.7384963301456,84.069606546817,14.7177,2.6053,12.112400000000001
2024-09-01,Citibank,0.489647961775842,-1.58507287944936,333.988976899999,24.7831028223554,2053.7384963301456,84.069606546817,14.7177,2.6053,12.112400000000001
2024-09-01,Comercio,0.513743966507386,-0.589848877455945,3.14412764000015,14.2950246322351,2053.7384963301456,84.069606546817,14.7177,2.6053,12.112400000000001
2024-09-01,Continental,22.2638062937283,0.377851919918704,1304.86748270999,15.6604954253278,2053.7384963301456,84.069606546817,14.7177,2.6053,12.112400000000001
2024-09-01,Crédito,33.3698170685119,-0.133907112282106,4053.57287024001,18.9616275281619,2053.7384963301456,84.069606546817,14.7177,2.6053,12.112400000000001
2024-09-01,Falabella,0.938011217365518,-1.61070756108092,54.3513266100001,21.4287950320256,2053.7384963301456,84.069606546817,14.7177,2.6053,12.112400000000001
2024-09-01,Financiero,2.39574010807704,-0.531667941728142,-34.2829816199996,13.1392992897018,2053.7384963301456,84.069606546817,14.7177,2.6053,12.112400000000001
2024-09-01,GNB,1.11554745286253,0.842796357923148,32.0394639600003,14.3591303607669,2053.7384963301456,84.069606546817,14.7177,2.6053,12.112400000000001
2024-09-01,ICBC,0.312732707605385,0.441145641635687,27.44688032,38.2051474011848,2053.7384963301456,84.069606546817,14.7177,2.6053,12.112400000000001
2024-09-01,Interbank,13.8373233547491,0.312418300597428,592.243241960004,15.8504403001112,2053.7384963301456,84.069606546817,14.7177,2.6053,12.112400000000001
2024-09-01,MiBanco,3.45717108311144,-1.00357377291033,201.9203805,20.2215974840359,2053.7384963301456,84.069606546817,14.7177,2.6053,12.112400000000001
2024-09-01,Ripley,0.371023305856626,-2.58367602664811,-15.0153890099996,17.1091445319267,2053.7384963301456,84.069606546817,14.7177,2.6053,12.112400000000001
2024-09-01,Santander,1.61837737317362,-1.48628407800863,181.27600547,19.0899956726322,2053.7384963301456,84.069606546817,14.7177,2.6053,12.112400000000001
2024-09-01,Scotiabank,14.5986598298277,-0.378920241419012,542.249145429993,16.2137784359804,2053.7384963301456,84.069606546817,14.7177,2.6053,12.112400000000001
2024-10-01,Azteca,0.202350154849035,-0.216472408024737,1.18812914000022,16.6247634301861,2062.5568712114814,84.03327017149789,14.7445,2.561,12.1835
2024-10-01,BanBif,4.10703304628438,0.0930511524192212,162.16899957,14.3039497923709,2062.5568712114814,84.03327017149789,14.7445,2.561,12.1835
2024-10-01,Citibank,0.475207563897243,-1.77581911232237,350.062763000001,18.2518823255758,2062.5568712114814,84.03327017149789,14.7445,2.561,12.1835
2024-10-01,Comercio,0.520506961766405,-0.411381398075661,4.04896292000029,14.1764301651863,2062.5568712114814,84.03327017149789,14.7445,2.561,12.1835
2024-10-01,Continental,22.3431654607774,0.336294837254214,1467.31089343,15.6889821908633,2062.5568712114814,84.03327017149789,14.7445,2.561,12.1835
2024-10-01,Crédito,33.5885977012778,-0.102378844212958,4420.54587542003,18.5487473444783,2062.5568712114814,84.03327017149789,14.7445,2.561,12.1835
2024-10-01,Falabella,0.938303714378591,-1.44526433871093,63.4535390600006,21.2712512826731,2062.5568712114814,84.03327017149789,14.7445,2.561,12.1835
2024-10-01,Financiero,2.37123565216853,-0.611283801586537,-34.1315791400005,13.1231053289862,2062.5568712114814,84.03327017149789,14.7445,2.561,12.1835
2024-10-01,GNB,1.10722464386245,0.652004951870411,39.2431103900005,14.5163818916394,2062.5568712114814,84.03327017149789,14.7445,2.561,12.1835
2024-10-01,ICBC,0.310229487832754,0.181540122563928,31.37369961,39.4373739952202,2062.5568712114814,84.03327017149789,14.7445,2.561,12.1835
2024-10-01,Interbank,13.7693628590252,0.196049834134593,705.95525121001,16.0214291790433,2062.5568712114814,84.03327017149789,14.7445,2.561,12.1835
2024-10-01,MiBanco,3.47032682556049,-0.863690189536659,234.380087840001,18.9822820599149,2062.5568712114814,84.03327017149789,14.7445,2.561,12.1835
2024-10-01,Ripley,0.369753769276529,-2.35935468454858,-8.94638829999985,17.7599972569979,2062.5568712114814,84.03327017149789,14.7445,2.561,12.1835
2024-10-01,Santander,1.6521381199742,-1.23047057074137,200.271811120001,18.2446255084263,2062.5568712114814,84.03327017149789,14.7445,2.561,12.1835
2024-10-01,Scotiabank,14.3321441504175,-0.555977428188192,645.398212739995,16.5391862368705,2062.5568712114814,84.03327017149789,14.7445,2.561,12.1835
2024-11-01,Azteca,0.2,-0.29,1.26829408,16.76,1997.3023999999996,82.41,14.781,2.5237,12.2573
2024-11-01,BanBif,4.04,0.18,182.81338036,14.5,1997.3023999999996,82.41,14.781,2.5237,12.2573
2024-11-01,Citibank,0.48,-1.25,374.07231986,25.09,1997.3023999999996,82.41,14.781,2.5237,12.2573
2024-11-01,Comercio,0.51,-0.33,5.85043242,13.93,1997.3023999999996,82.41,14.781,2.5237,12.2573
2024-11-01,Continental,22.05,0.42,1672.01663558,15.81,1997.3023999999996,82.41,14.781,2.5237,12.2573
2024-11-01,Crédito,33.23,0.04,4788.88961319,18.46,1997.3023999999996,82.41,14.781,2.5237,12.2573
2024-11-01,Falabella,0.95,-0.98,74.088154,21.01,1997.3023999999996,82.41,14.781,2.5237,12.2573
2024-11-01,Financiero,2.31,-0.57,-36.38658432,12.99,1997.3023999999996,82.41,14.781,2.5237,12.2573
2024-11-01,GNB,1.1,0.73,43.35703079,14.57,1997.3023999999996,82.41,14.781,2.5237,12.2573
2024-11-01,ICBC,0.3,0.12,34.86504067,40.58,1997.3023999999996,82.41,14.781,2.5237,12.2573
2024-11-01,Interbank,13.38,0.15,814.04429667,16.22,1997.3023999999996,82.41,14.781,2.5237,12.2573
2024-11-01,MiBanco,3.41,-0.73,267.47317578,19.17,1997.3023999999996,82.41,14.781,2.5237,12.2573
2024-11-01,Ripley,0.37,-1.95,-2.54278244,17.62,1997.3023999999996,82.41,14.781,2.5237,12.2573
2024-11-01,Santander,1.62,-1.06,219.90741123,19.04,1997.3023999999996,82.41,14.781,2.5237,12.2573
2024-11-01,Scotiabank,13.75,-0.65,783.39267714,17.07,1997.3023999999996,82.41,14.781,2.5237,12.2573
2024-12-01,Azteca,0.2,0.1,1.27664779,15.22,1991.1190000000001,82.4,14.8781,2.42,12.4581
2024-12-01,BanBif,4.07,0.2,200.08670493,14.95,1991.1190000000001,82.4,14.8781,2.42,12.4581
2024-12-01,Citibank,0.45,-1.8,421.28871089,24.61,1991.1190000000001,82.4,14.8781,2.42,12.4581
2024-12-01,Comercio,0.5,-0.5,7.0465765,14.34,1991.1190000000001,82.4,14.8781,2.42,12.4581
2024-12-01,Continental,21.75,0.3,1886.40459532,15.95,1991.1190000000001,82.4,14.8781,2.42,12.4581
2024-12-01,Crédito,33.2,0.0,5216.69218555,18.71,1991.1190000000001,82.4,14.8781,2.42,12.4581
2024-12-01,Falabella,0.98,-0.6,83.01166273,20.98,1991.1190000000001,82.4,14.8781,2.42,12.4581
2024-12-01,Financiero,2.35,-0.4,-58.61335163,12.56,1991.1190000000001,82.4,14.8781,2.42,12.4581
2024-12-01,GNB,1.1,0.7,45.20136616,14.8,1991.1190000000001,82.4,14.8781,2.42,12.4581
2024-12-01,ICBC,0.28,-0.5,40.23205464,40.77,1991.1190000000001,82.4,14.8781,2.42,12.4581
2024-12-01,Interbank,13.68,0.3,933.66974513,15.92,1991.1190000000001,82.4,14.8781,2.42,12.4581
2024-12-01,MiBanco,3.4,-0.7,311.96933024,19.42,1991.1190000000001,82.4,14.8781,2.42,12.4581
2024-12-01,Ripley,0.38,-1.5,-7.36222088,17.48,1991.1190000000001,82.4,14.8781,2.42,12.4581
2024-12-01,Santander,1.59,-1.1,237.7226813,19.42,1991.1190000000001,82.4,14.8781,2.42,12.4581
2024-12-01,Scotiabank,13.77,-0.6,957.61285105,17.14,1991.1190000000001,82.4,14.8781,2.42,12.4581
2025-01-01,Azteca,0.21,0.04,0.19940692,14.44,1995.8162,82.44,14.9906,2.3587,12.631900000000002
2025-01-01,BanBif,4.1,0.22,17.65016004,15.01,1995.8162,82.44,14.9906,2.3587,12.631900000000002
2025-01-01,Citibank,0.41,-7.45,27.26021553,22.68,1995.8162,82.44,14.9906,2.3587,12.631900000000002
2025-01-01,Comercio,0.5,-0.31,1.25669423,14.45,1995.8162,82.44,14.9906,2.3587,12.631900000000002
2025-01-01,Continental,21.49,-1.81,183.0336,16.28,1995.8162,82.44,14.9906,2.3587,12.631900000000002
2025-01-01,Crédito,33.39,0.02,592.08643107,19.09,1995.8162,82.44,14.9906,2.3587,12.631900000000002
2025-01-01,Falabella,0.97,-1.7,17.20588733,21.56,1995.8162,82.44,14.9906,2.3587,12.631900000000002
2025-01-01,Financiero,2.34,-1.09,7.97926473,12.58,1995.8162,82.44,14.9906,2.3587,12.631900000000002
2025-01-01,GNB,1.1,-0.36,3.46163569,14.97,1995.8162,82.44,14.9906,2.3587,12.631900000000002
2025-01-01,ICBC,0.26,-8.27,2.6498428,43.41,1995.8162,82.44,14.9906,2.3587,12.631900000000002
2025-01-01,Interbank,13.58,-1.37,114.23624613,18.0,1995.8162,82.44,14.9906,2.3587,12.631900000000002
2025-01-01,MiBanco,3.43,0.01,34.47183369,19.71,1995.8162,82.44,14.9906,2.3587,12.631900000000002
2025-01-01,Ripley,0.38,-1.45,6.23758053,17.79,1995.8162,82.44,14.9906,2.3587,12.631900000000002
2025-01-01,Santander,1.54,-2.94,28.44327533,19.36,1995.8162,82.44,14.9906,2.3587,12.631900000000002
2025-01-01,Scotiabank,13.98,0.84,150.65920708,17.34,1995.8162,82.44,14.9906,2.3587,12.631900000000002
2025-02-01,Azteca,0.21,2.06,0.35613922,13.88,2006.2134999999996,82.54,14.9064,2.3507,12.5557
2025-02-01,BanBif,4.05,-0.13,33.19052972,15.23,2006.2134999999996,82.54,14.9064,2.3507,12.5557
2025-02-01,Citibank,0.42,-3.35,60.91106034,26.24,2006.2134999999996,82.54,14.9064,2.3507,12.5557
2025-02-01,Comercio,0.5,0.43,1.75823062,14.35,2006.2134999999996,82.54,14.9064,2.3507,12.5557
2025-02-01,Continental,21.44,-0.7,346.86339676,16.53,2006.2134999999996,82.54,14.9064,2.3507,12.5557
2025-02-01,Crédito,33.62,0.74,1070.69981976,19.22,2006.2134999999996,82.54,14.9064,2.3507,12.5557
2025-02-01,Falabella,0.96,-1.07,33.38094321,22.12,2006.2134999999996,82.54,14.9064,2.3507,12.5557
2025-02-01,Financiero,2.3,-0.94,11.01384678,12.83,2006.2134999999996,82.54,14.9064,2.3507,12.5557
2025-02-01,GNB,1.1,0.1,5.76233756,14.97,2006.2134999999996,82.54,14.9064,2.3507,12.5557
2025-02-01,ICBC,0.27,-1.62,3.55255532,41.49,2006.2134999999996,82.54,14.9064,2.3507,12.5557
2025-02-01,Interbank,13.56,-0.42,204.88031113,17.9,2006.2134999999996,82.54,14.9064,2.3507,12.5557
2025-02-01,MiBanco,3.44,0.39,63.95677315,19.79,2006.2134999999996,82.54,14.9064,2.3507,12.5557
2025-02-01,Ripley,0.38,-1.04,10.03433688,18.0,2006.2134999999996,82.54,14.9064,2.3507,12.5557
2025-02-01,Santander,1.5,-2.29,46.70376034,20.28,2006.2134999999996,82.54,14.9064,2.3507,12.5557
2025-02-01,Scotiabank,13.92,0.54,273.66633267,18.18,2006.2134999999996,82.54,14.9064,2.3507,12.5557
2025-03-01,Azteca,0.21,1.43,1.54281915,14.04,1986.0768999999998,82.49000000000001,14.7668,2.3426,12.424199999999999
2025-03-01,BanBif,4.04,-0.11,57.12014882,15.08,1986.0768999999998,82.49000000000001,14.7668,2.3426,12.424199999999999
2025-03-01,Citibank,0.44,-0.53,91.95024818,24.46,1986.0768999999998,82.49000000000001,14.7668,2.3426,12.424199999999999
2025-03-01,Comercio,0.5,0.07,2.78394397,14.45,1986.0768999999998,82.49000000000001,14.7668,2.3426,12.424199999999999
2025-03-01,Continental,21.71,0.02,534.61391034,15.37,1986.0768999999998,82.49000000000001,14.7668,2.3426,12.424199999999999
2025-03-01,Crédito,33.03,-0.02,1575.78237472,16.87,1986.0768999999998,82.49000000000001,14.7668,2.3426,12.424199999999999
2025-03-01,Falabella,0.96,-0.62,49.89705994,22.45,1986.0768999999998,82.49000000000001,14.7668,2.3426,12.424199999999999
2025-03-01,Financiero,2.25,-1.37,14.23006858,13.17,1986.0768999999998,82.49000000000001,14.7668,2.3426,12.424199999999999
2025-03-01,GNB,1.11,0.45,9.43380631,14.99,1986.0768999999998,82.49000000000001,14.7668,2.3426,12.424199999999999
2025-03-01,ICBC,0.29,1.15,4.38929712,40.48,1986.0768999999998,82.49000000000001,14.7668,2.3426,12.424199999999999
2025-03-01,Interbank,13.76,0.28,341.26837142,17.21,1986.0768999999998,82.49000000000001,14.7668,2.3426,12.424199999999999
2025-03-01,MiBanco,3.49,0.76,110.40597917,18.53,1986.0768999999998,82.49000000000001,14.7668,2.3426,12.424199999999999
2025-03-01,Ripley,0.38,-0.17,12.49057357,17.93,1986.0768999999998,82.49000000000001,14.7668,2.3426,12.424199999999999
2025-03-01,Santander,1.51,-1.14,70.429573,18.95,1986.0768999999998,82.49000000000001,14.7668,2.3426,12.424199999999999
2025-03-01,Scotiabank,13.99,0.59,465.91077349,17.29,1986.0768999999998,82.49000000000001,14.7668,2.3426,12.424199999999999
2025-04-01,Azteca,0.24,4.69,2.28114977,13.21,1995.1699000000003,82.5,14.9607,2.2863,12.674399999999999
2025-04-01,BanBif,4.02,0.03,79.38386377,15.13,1995.1699000000003,82.5,14.9607,2.2863,12.674399999999999
2025-04-01,Citibank,0.45,0.59,127.86935142,24.94,1995.1699000000003,82.5,14.9607,2.2863,12.674399999999999
2025-04-01,Comercio,0.49,-0.04,4.15033723,14.61,1995.1699000000003,82.5,14.9607,2.2863,12.674399999999999
2025-04-01,Continental,21.7,0.27,713.26194802,15.49,1995.1699000000003,82.5,14.9607,2.2863,12.674399999999999
2025-04-01,Crédito,33.27,0.42,2065.16258915,18.55,1995.1699000000003,82.5,14.9607,2.2863,12.674399999999999
2025-04-01,Falabella,0.96,-0.17,66.84540905,22.81,1995.1699000000003,82.5,14.9607,2.2863,12.674399999999999
2025-04-01,Financiero,2.23,-1.01,17.484956,13.59,1995.1699000000003,82.5,14.9607,2.2863,12.674399999999999
2025-04-01,GNB,1.14,1.37,12.56184299,14.39,1995.1699000000003,82.5,14.9607,2.2863,12.674399999999999
2025-04-01,ICBC,0.28,0.64,6.17623381,40.56,1995.1699000000003,82.5,14.9607,2.2863,12.674399999999999
2025-04-01,Interbank,13.67,0.32,439.27136756,17.23,1995.1699000000003,82.5,14.9607,2.2863,12.674399999999999
2025-04-01,MiBanco,3.49,0.84,147.66482539,19.25,1995.1699000000003,82.5,14.9607,2.2863,12.674399999999999
2025-04-01,Ripley,0.38,0.27,16.14342573,17.76,1995.1699000000003,82.5,14.9607,2.2863,12.674399999999999
2025-04-01,Santander,1.47,-1.25,90.36850581,19.88,1995.1699000000003,82.5,14.9607,2.2863,12.674399999999999
2025-04-01,Scotiabank,13.86,0.47,573.53255822,17.43,1995.1699000000003,82.5,14.9607,2.2863,12.674399999999999
2025-05-01,Azteca,0.24,3.86,3.07174309,13.35,1984.8366999999998,82.25,14.9519,2.2671,12.6848
2025-05-01,BanBif,4.09,0.55,103.7042486,15.13,1984.8366999999998,82.25,14.9519,2.2671,12.6848
2025-05-01,Citibank,0.47,1.41,155.74588037,30.4,1984.8366999999998,82.25,14.9519,2.2671,12.6848
2025-05-01,Comercio,0.49,0.08,5.21440381,14.44,1984.8366999999998,82.25,14.9519,2.2671,12.6848
2025-05-01,Continental,21.64,0.32,906.11594077,15.58,1984.8366999999998,82.25,14.9519,2.2671,12.6848
2025-05-01,Crédito,33.18,0.47,2651.06130098,18.87,1984.8366999999998,82.25,14.9519,2.2671,12.6848
2025-05-01,Falabella,0.97,0.12,88.19126841,23.05,1984.8366999999998,82.25,14.9519,2.2671,12.6848
2025-05-01,Financiero,2.23,-0.64,21.18533042,13.29,1984.8366999999998,82.25,14.9519,2.2671,12.6848
2025-05-01,GNB,1.15,1.41,16.03597666,14.39,1984.8366999999998,82.25,14.9519,2.2671,12.6848
2025-05-01,ICBC,0.3,2.2,7.47097878,38.88,1984.8366999999998,82.25,14.9519,2.2671,12.6848
2025-05-01,Interbank,13.59,0.29,559.87914641,17.08,1984.8366999999998,82.25,14.9519,2.2671,12.6848
2025-05-01,MiBanco,3.5,0.83,192.81578138,19.35,1984.8366999999998,82.25,14.9519,2.2671,12.6848
2025-05-01,Ripley,0.38,0.38,20.90454927,17.97,1984.8366999999998,82.25,14.9519,2.2671,12.6848
2025-05-01,Santander,1.56,0.33,117.47625441,19.33,1984.8366999999998,82.25,14.9519,2.2671,12.6848
2025-05-01,Scotiabank,13.84,0.49,688.23973268,17.58,1984.8366999999998,82.25,14.9519,2.2671,12.6848
2025-06-01,Azteca,0.24,3.29,4.01883055,13.57,1969.1106999999997,82.13,14.9807,2.2737,12.707
2025-06-01,BanBif,4.13,0.81,134.08125338,14.89,1969.1106999999997,82.13,14.9807,2.2737,12.707
2025-06-01,Citibank,0.48,1.83,227.8942813,29.93,1969.1106999999997,82.13,14.9807,2.2737,12.707
2025-06-01,Comercio,0.49,0.16,6.24504301,14.34,1969.1106999999997,82.13,14.9807,2.2737,12.707
2025-06-01,Continental,21.49,0.3,1107.16658751,15.74,1969.1106999999997,82.13,14.9807,2.2737,12.707
2025-06-01,Crédito,32.91,0.43,3286.88251405,17.33,1969.1106999999997,82.13,14.9807,2.2737,12.707
2025-06-01,Falabella,0.98,0.29,104.18903686,23.21,1969.1106999999997,82.13,14.9807,2.2737,12.707
2025-06-01,Financiero,2.23,-0.42,24.92907308,13.0,1969.1106999999997,82.13,14.9807,2.2737,12.707
2025-06-01,GNB,1.14,1.08,20.03675552,14.57,1969.1106999999997,82.13,14.9807,2.2737,12.707
2025-06-01,ICBC,0.31,2.64,11.99319301,38.34,1969.1106999999997,82.13,14.9807,2.2737,12.707
2025-06-01,Interbank,13.82,0.69,668.49987034,16.86,1969.1106999999997,82.13,14.9807,2.2737,12.707
2025-06-01,MiBanco,3.5,0.73,238.19915142,19.61,1969.1106999999997,82.13,14.9807,2.2737,12.707
2025-06-01,Ripley,0.38,0.39,25.58889316,18.5,1969.1106999999997,82.13,14.9807,2.2737,12.707
2025-06-01,Santander,1.56,0.54,162.98088163,19.25,1969.1106999999997,82.13,14.9807,2.2737,12.707
2025-06-01,Scotiabank,13.91,0.64,864.5237478,17.75,1969.1106999999997,82.13,14.9807,2.2737,12.707
2025-07-01,Azteca,0.24,2.93,5.18298785,13.64,1980.3489,82.19,15.0445,2.1616,12.8829
2025-07-01,BanBif,4.12,0.74,164.72505697,15.11,1980.3489,82.19,15.0445,2.1616,12.8829
2025-07-01,Citibank,0.5,2.19,236.07320059,24.66,1980.3489,82.19,15.0445,2.1616,12.8829
2025-07-01,Comercio,0.48,0.06,7.6640587,14.56,1980.3489,82.19,15.0445,2.1616,12.8829
2025-07-01,Continental,21.39,0.29,1363.78709485,15.76,1980.3489,82.19,15.0445,2.1616,12.8829
2025-07-01,Crédito,33.21,0.58,3839.40112628,17.43,1980.3489,82.19,15.0445,2.1616,12.8829
2025-07-01,Falabella,0.98,0.42,125.03247245,23.77,1980.3489,82.19,15.0445,2.1616,12.8829
2025-07-01,Financiero,2.18,-0.53,28.76104165,12.96,1980.3489,82.19,15.0445,2.1616,12.8829
2025-07-01,GNB,1.14,1.12,26.0793639,14.48,1980.3489,82.19,15.0445,2.1616,12.8829
2025-07-01,ICBC,0.31,2.42,13.81143321,37.49,1980.3489,82.19,15.0445,2.1616,12.8829
2025-07-01,Interbank,13.85,0.72,788.50760973,15.49,1980.3489,82.19,15.0445,2.1616,12.8829
2025-07-01,MiBanco,3.47,0.62,289.01448822,19.84,1980.3489,82.19,15.0445,2.1616,12.8829
2025-07-01,Ripley,0.38,0.42,31.80610019,18.84,1980.3489,82.19,15.0445,2.1616,12.8829
2025-07-01,Santander,1.58,0.73,182.39205901,19.03,1980.3489,82.19,15.0445,2.1616,12.8829
2025-07-01,Scotiabank,13.74,0.47,938.69448956,20.06,1980.3489,82.19,15.0445,2.1616,12.8829
2025-08-01,Azteca,0.25,3.08,6.00233381,13.7,1983.5518,82.18,15.149,2.1348,13.014199999999999
2025-08-01,BanBif,4.11,0.69,186.70548933,15.12,1983.5518,82.18,15.149,2.1348,13.014199999999999
2025-08-01,Citibank,0.48,1.58,280.60532843,32.32,1983.5518,82.18,15.149,2.1348,13.014199999999999
2025-08-01,Comercio,0.48,0.09,9.09859583,14.48,1983.5518,82.18,15.149,2.1348,13.014199999999999
2025-08-01,Continental,21.49,0.37,1615.60476495,15.95,1983.5518,82.18,15.149,2.1348,13.014199999999999
2025-08-01,Crédito,33.26,0.61,4350.35645744,17.55,1983.5518,82.18,15.149,2.1348,13.014199999999999
2025-08-01,Falabella,0.98,0.37,138.95792252,24.12,1983.5518,82.18,15.149,2.1348,13.014199999999999
2025-08-01,Financiero,2.13,-0.71,34.10102162,13.21,1983.5518,82.18,15.149,2.1348,13.014199999999999
2025-08-01,GNB,1.14,1.03,32.38975667,14.27,1983.5518,82.18,15.149,2.1348,13.014199999999999
2025-08-01,ICBC,0.32,2.35,16.02866255,37.07,1983.5518,82.18,15.149,2.1348,13.014199999999999
2025-08-01,Interbank,13.7,0.54,930.97146308,15.75,1983.5518,82.18,15.149,2.1348,13.014199999999999
2025-08-01,MiBanco,3.5,0.68,338.89243938,21.04,1983.5518,82.18,15.149,2.1348,13.014199999999999
2025-08-01,Ripley,0.38,0.35,36.9117271,18.96,1983.5518,82.18,15.149,2.1348,13.014199999999999
2025-08-01,Santander,1.61,0.95,204.88073368,19.09,1983.5518,82.18,15.149,2.1348,13.014199999999999
2025-08-01,Scotiabank,13.73,0.47,1025.66476689,20.19,1983.5518,82.18,15.149,2.1348,13.014199999999999
2025-09-01,Azteca,0.26,2.94,7.07088947,13.7,1985.3861999999995,82.21000000000001,15.3507,2.1383,13.212399999999999
2025-09-01,BanBif,4.11,0.69,208.38181544,15.4,1985.3861999999995,82.21000000000001,15.3507,2.1383,13.212399999999999
2025-09-01,Citibank,0.48,1.27,350.29837064,25.4,1985.3861999999995,82.21000000000001,15.3507,2.1383,13.212399999999999
2025-09-01,Comercio,0.48,0.06,10.50940463,14.4,1985.3861999999995,82.21000000000001,15.3507,2.1383,13.212399999999999
2025-09-01,Continental,21.79,0.53,1830.73936837,15.9,1985.3861999999995,82.21000000000001,15.3507,2.1383,13.212399999999999
2025-09-01,Crédito,33.16,0.56,4888.26346445,17.7,1985.3861999999995,82.21000000000001,15.3507,2.1383,13.212399999999999
2025-09-01,Falabella,0.98,0.32,145.18338376,24.5,1985.3861999999995,82.21000000000001,15.3507,2.1383,13.212399999999999
2025-09-01,Financiero,2.12,-0.65,39.43717018,13.5,1985.3861999999995,82.21000000000001,15.3507,2.1383,13.212399999999999
2025-09-01,GNB,1.16,1.13,39.40335679,13.5,1985.3861999999995,82.21000000000001,15.3507,2.1383,13.212399999999999
2025-09-01,ICBC,0.31,2.11,20.21980156,37.9,1985.3861999999995,82.21000000000001,15.3507,2.1383,13.212399999999999
2025-09-01,Interbank,13.69,0.51,1058.5236327,15.8,1985.3861999999995,82.21000000000001,15.3507,2.1383,13.212399999999999
2025-09-01,MiBanco,3.55,0.75,394.35479444,21.1,1985.3861999999995,82.21000000000001,15.3507,2.1383,13.212399999999999
2025-09-01,Ripley,0.38,0.27,42.4244248,19.7,1985.3861999999995,82.21000000000001,15.3507,2.1383,13.212399999999999
2025-09-01,Santander,1.54,0.47,225.41427578,20.1,1985.3861999999995,82.21000000000001,15.3507,2.1383,13.212399999999999
2025-09-01,Scotiabank,13.57,0.32,1107.48926943,18.6,1985.3861999999995,82.21000000000001,15.3507,2.1383,13.212399999999999
2025-10-01,Azteca,0.26,2.71,7.43151877,14.29,1991.2009999999998,82.33,15.5555,2.12,13.435500000000001
2025-10-01,BanBif,4.0,0.38,231.91028994,15.49,1991.2009999999998,82.33,15.5555,2.12,13.435500000000001
2025-10-01,Citibank,0.45,0.65,374.54700989,19.92,1991.2009999999998,82.33,15.5555,2.12,13.435500000000001
2025-10-01,Comercio,0.47,-0.17,12.55504482,14.38,1991.2009999999998,82.33,15.5555,2.12,13.435500000000001
2025-10-01,Continental,22.04,0.64,2028.21408943,15.791,1991.2009999999998,82.33,15.5555,2.12,13.435500000000001
2025-10-01,Crédito,33.14,0.56,5458.85041644,18.86,1991.2009999999998,82.33,15.5555,2.12,13.435500000000001
2025-10-01,Falabella,0.99,0.38,160.49056114,24.7,1991.2009999999998,82.33,15.5555,2.12,13.435500000000001
2025-10-01,Financiero,2.09,-0.69,45.20725388,13.72,1991.2009999999998,82.33,15.5555,2.12,13.435500000000001
2025-10-01,GNB,1.12,0.71,47.60494538,13.47,1991.2009999999998,82.33,15.5555,2.12,13.435500000000001
2025-10-01,ICBC,0.3,1.63,21.47684268,38.68,1991.2009999999998,82.33,15.5555,2.12,13.435500000000001
2025-10-01,Interbank,13.64,0.48,1167.53196057,15.94,1991.2009999999998,82.33,15.5555,2.12,13.435500000000001
2025-10-01,MiBanco,3.61,0.83,450.32653467,21.21,1991.2009999999998,82.33,15.5555,2.12,13.435500000000001
2025-10-01,Ripley,0.38,0.28,46.80110006,19.75,1991.2009999999998,82.33,15.5555,2.12,13.435500000000001
2025-10-01,Santander,1.5,0.29,245.7775419,20.029,1991.2009999999998,82.33,15.5555,2.12,13.435500000000001
2025-10-01,Scotiabank,13.51,0.28,1201.27928042,18.24,1991.2009999999998,82.33,15.5555,2.12,13.435500000000001
2025-11-01,Azteca,0.26,2.63,7.77016865,16.01,1979.005,82.16,15.7477,2.0993,13.6484
2025-11-01,BanBif,3.95,0.32,256.11375064,15.69,1979.005,82.16,15.7477,2.0993,13.6484
2025-11-01,Citibank,0.45,0.71,398.94531421,20.49,1979.005,82.16,15.7477,2.0993,13.6484
2025-11-01,Comercio,0.48,-0.01,14.50786172,14.18,1979.005,82.16,15.7477,2.0993,13.6484
2025-11-01,Continental,22.05,0.66,2204.22311432,15.81,1979.005,82.16,15.7477,2.0993,13.6484
2025-11-01,Crédito,32.94,0.52,5993.01361702,18.92,1979.005,82.16,15.7477,2.0993,13.6484
2025-11-01,Falabella,1.02,0.67,171.03469956,24.36,1979.005,82.16,15.7477,2.0993,13.6484
2025-11-01,Financiero,2.05,-0.73,51.10309794,13.86,1979.005,82.16,15.7477,2.0993,13.6484
2025-11-01,GNB,1.14,0.85,55.6263037,13.29,1979.005,82.16,15.7477,2.0993,13.6484
2025-11-01,ICBC,0.32,2.24,23.31785287,37.77,1979.005,82.16,15.7477,2.0993,13.6484
2025-11-01,Interbank,13.65,0.51,1297.77519994,15.99,1979.005,82.16,15.7477,2.0993,13.6484
2025-11-01,MiBanco,3.64,0.9,501.08353106,21.21,1979.005,82.16,15.7477,2.0993,13.6484
2025-11-01,Ripley,0.39,0.5,51.30512937,19.64,1979.005,82.16,15.7477,2.0993,13.6484
2025-11-01,Santander,1.58,0.83,261.96000625,19.11,1979.005,82.16,15.7477,2.0993,13.6484
2025-11-01,Scotiabank,13.52,0.33,1318.45255513,18.44,1979.005,82.16,15.7477,2.0993,13.6484
2025-12-01,Azteca,0.26,2.5,8.00012401,14.46,2003.1182000000006,82.32,15.8871,1.9771,13.91
2025-12-01,BanBif,3.92,0.3,276.28454357,16.39,2003.1182000000006,82.32,15.8871,1.9771,13.91
2025-12-01,Citibank,0.32,-2.2,412.12527192,24.42,2003.1182000000006,82.32,15.8871,1.9771,13.91
2025-12-01,Comercio,0.47,-0.1,16.71551954,14.37,2003.1182000000006,82.32,15.8871,1.9771,13.91
2025-12-01,Continental,22.1,0.7,2390.97887755,15.91,2003.1182000000006,82.32,15.8871,1.9771,13.91
2025-12-01,Crédito,33.43,0.7,6478.29131912,19.44,2003.1182000000006,82.32,15.8871,1.9771,13.91
2025-12-01,Falabella,1.02,0.7,178.72329782,24.35,2003.1182000000006,82.32,15.8871,1.9771,13.91
2025-12-01,Financiero,1.98,-0.9,55.05932098,14.21,2003.1182000000006,82.32,15.8871,1.9771,13.91
2025-12-01,GNB,1.12,0.6,67.29629135,14.03,2003.1182000000006,82.32,15.8871,1.9771,13.91
2025-12-01,ICBC,0.29,1.1,25.29094902,40.56,2003.1182000000006,82.32,15.8871,1.9771,13.91
2025-12-01,Interbank,13.63,0.5,1458.50489614,16.13,2003.1182000000006,82.32,15.8871,1.9771,13.91
2025-12-01,MiBanco,3.64,0.9,550.09056625,21.25,2003.1182000000006,82.32,15.8871,1.9771,13.91
2025-12-01,Ripley,0.39,0.6,63.0506521,19.86,2003.1182000000006,82.32,15.8871,1.9771,13.91
2025-12-01,Santander,1.65,1.1,277.39781766,19.65,2003.1182000000006,82.32,15.8871,1.9771,13.91
2025-12-01,Scotiabank,13.16,0.1,1476.80261639,18.59,2003.1182000000006,82.32,15.8871,1.9771,13.91
